nohup: ignoring input
Online fouloïde: 500000 steps, config=configs/micro_fouloide_online_homeostatic_rssm_v3_dreamerfix_buf500k.yaml, seed=1, device=cuda
step     500 | wellbeing 0.363 | wm_loss 2.8432 | td 0.0000 | planner 0.00 | seuil None | eau 1 | bouffe 0 | morts 1 | eps 1.00
step    1000 | wellbeing 0.286 | wm_loss 2.2742 | td 0.0000 | planner 0.00 | seuil None | eau 0 | bouffe 2 | morts 3 | eps 1.00
step    1500 | wellbeing 0.180 | wm_loss 1.9853 | td 0.0000 | planner 0.00 | seuil None | eau 0 | bouffe 1 | morts 4 | eps 1.00
step    2000 | wellbeing 0.036 | wm_loss 1.8920 | td 0.0000 | planner 0.00 | seuil None | eau 1 | bouffe 3 | morts 4 | eps 1.00
step    2500 | wellbeing 0.311 | wm_loss 1.9575 | td 0.0000 | planner 0.00 | seuil None | eau 0 | bouffe 1 | morts 6 | eps 1.00
step    3000 | wellbeing 0.000 | wm_loss 1.8010 | td 0.0000 | planner 0.00 | seuil None | eau 0 | bouffe 3 | morts 6 | eps 1.00
step    3500 | wellbeing 0.394 | wm_loss 1.8475 | td 0.0000 | planner 0.00 | seuil None | eau 2 | bouffe 2 | morts 8 | eps 1.00
step    4000 | wellbeing 0.173 | wm_loss 1.8430 | td 0.0000 | planner 0.00 | seuil None | eau 0 | bouffe 2 | morts 9 | eps 1.00
step    4500 | wellbeing 0.000 | wm_loss 1.8099 | td 0.0000 | planner 0.00 | seuil None | eau 0 | bouffe 2 | morts 9 | eps 1.00
step    5000 | wellbeing 0.329 | wm_loss 1.8767 | td 0.0000 | planner 0.00 | seuil None | eau 2 | bouffe 2 | morts 10 | eps 1.00
step    5500 | wellbeing 0.000 | wm_loss 1.8169 | td 0.0000 | planner 0.00 | seuil None | eau 0 | bouffe 1 | morts 10 | eps 1.00
step    6000 | wellbeing 0.013 | wm_loss 1.8024 | td 0.0000 | planner 0.00 | seuil None | eau 2 | bouffe 2 | morts 10 | eps 1.00
step    6500 | wellbeing 0.156 | wm_loss 1.8026 | td 0.0000 | planner 0.00 | seuil None | eau 1 | bouffe 0 | morts 11 | eps 1.00
step    7000 | wellbeing 0.156 | wm_loss 1.7727 | td 0.0000 | planner 0.00 | seuil None | eau 0 | bouffe 0 | morts 12 | eps 1.00
step    7500 | wellbeing 0.009 | wm_loss 1.8032 | td 0.0000 | planner 0.00 | seuil None | eau 1 | bouffe 1 | morts 12 | eps 1.00
step    8000 | wellbeing 0.001 | wm_loss 1.7485 | td 0.0000 | planner 0.00 | seuil None | eau 1 | bouffe 4 | morts 12 | eps 1.00
step    8500 | wellbeing 0.006 | wm_loss 1.7116 | td 0.0000 | planner 0.00 | seuil None | eau 2 | bouffe 1 | morts 12 | eps 1.00
step    9000 | wellbeing 0.153 | wm_loss 1.8438 | td 0.0000 | planner 0.00 | seuil None | eau 2 | bouffe 2 | morts 13 | eps 1.00
step    9500 | wellbeing 0.066 | wm_loss 1.8303 | td 0.0000 | planner 0.00 | seuil None | eau 3 | bouffe 3 | morts 13 | eps 1.00
step   10000 | wellbeing 0.156 | wm_loss 1.7515 | td 0.0000 | planner 0.00 | seuil None | eau 0 | bouffe 1 | morts 14 | eps 1.00
step   10500 | wellbeing 0.034 | wm_loss 1.7514 | td 0.0000 | planner 0.00 | seuil None | eau 2 | bouffe 2 | morts 14 | eps 1.00
step   11000 | wellbeing 0.180 | wm_loss 1.7445 | td 0.0000 | planner 0.00 | seuil None | eau 1 | bouffe 1 | morts 15 | eps 1.00
step   11500 | wellbeing 0.000 | wm_loss 1.7420 | td 0.0000 | planner 0.00 | seuil None | eau 2 | bouffe 0 | morts 15 | eps 1.00
step   12000 | wellbeing 0.029 | wm_loss 1.7516 | td 0.0000 | planner 0.00 | seuil None | eau 2 | bouffe 2 | morts 15 | eps 1.00
step   12500 | wellbeing 0.000 | wm_loss 1.7606 | td 0.0000 | planner 0.00 | seuil None | eau 1 | bouffe 1 | morts 15 | eps 1.00
step   13000 | wellbeing 0.030 | wm_loss 1.7329 | td 0.0000 | planner 0.00 | seuil None | eau 5 | bouffe 1 | morts 15 | eps 1.00
step   13500 | wellbeing 0.015 | wm_loss 1.7596 | td 0.0000 | planner 0.00 | seuil None | eau 2 | bouffe 1 | morts 15 | eps 1.00
step   14000 | wellbeing 0.003 | wm_loss 1.7182 | td 0.0000 | planner 0.00 | seuil None | eau 0 | bouffe 0 | morts 15 | eps 1.00
step   14500 | wellbeing 0.000 | wm_loss 1.7690 | td 0.0000 | planner 0.00 | seuil None | eau 0 | bouffe 0 | morts 15 | eps 1.00
step   15000 | wellbeing 0.000 | wm_loss 1.7265 | td 0.0000 | planner 0.00 | seuil None | eau 2 | bouffe 0 | morts 15 | eps 1.00
step   15500 | wellbeing 0.000 | wm_loss 1.7415 | td 0.0000 | planner 0.00 | seuil None | eau 0 | bouffe 0 | morts 15 | eps 1.00
step   16000 | wellbeing 0.000 | wm_loss 1.7087 | td 0.0000 | planner 0.00 | seuil None | eau 2 | bouffe 0 | morts 15 | eps 1.00
step   16500 | wellbeing 0.063 | wm_loss 1.7257 | td 0.0000 | planner 0.00 | seuil None | eau 3 | bouffe 2 | morts 15 | eps 1.00
step   17000 | wellbeing 0.062 | wm_loss 1.7510 | td 0.0000 | planner 0.00 | seuil None | eau 6 | bouffe 2 | morts 15 | eps 1.00
step   17500 | wellbeing 0.009 | wm_loss 1.7771 | td 0.0000 | planner 0.00 | seuil None | eau 1 | bouffe 1 | morts 15 | eps 1.00
step   18000 | wellbeing 0.000 | wm_loss 1.7203 | td 0.0000 | planner 0.00 | seuil None | eau 0 | bouffe 0 | morts 15 | eps 1.00
step   18500 | wellbeing 0.000 | wm_loss 1.7608 | td 0.0000 | planner 0.00 | seuil None | eau 0 | bouffe 0 | morts 15 | eps 1.00
step   19000 | wellbeing 0.032 | wm_loss 1.7014 | td 0.0000 | planner 0.00 | seuil None | eau 3 | bouffe 1 | morts 15 | eps 1.00
step   19500 | wellbeing 0.000 | wm_loss 1.7205 | td 0.0000 | planner 0.00 | seuil None | eau 1 | bouffe 0 | morts 15 | eps 1.00
step   20000 | wellbeing 0.000 | wm_loss 1.7066 | td 0.0000 | planner 0.00 | seuil None | eau 0 | bouffe 0 | morts 15 | eps 1.00
step   20500 | wellbeing 0.000 | wm_loss 1.6721 | td 0.0000 | planner 0.00 | seuil None | eau 0 | bouffe 0 | morts 15 | eps 1.00
step   21000 | wellbeing 0.000 | wm_loss 1.7028 | td 0.0000 | planner 0.00 | seuil None | eau 0 | bouffe 0 | morts 15 | eps 1.00
step   21500 | wellbeing 0.000 | wm_loss 1.7418 | td 0.0000 | planner 0.00 | seuil None | eau 0 | bouffe 5 | morts 15 | eps 1.00
step   22000 | wellbeing 0.219 | wm_loss 1.6934 | td 0.0000 | planner 0.00 | seuil None | eau 2 | bouffe 5 | morts 16 | eps 1.00
step   22500 | wellbeing 0.167 | wm_loss 1.7178 | td 0.0000 | planner 0.00 | seuil None | eau 2 | bouffe 5 | morts 17 | eps 1.00
step   23000 | wellbeing 0.135 | wm_loss 1.7139 | td 0.0000 | planner 0.00 | seuil None | eau 2 | bouffe 4 | morts 17 | eps 1.00
step   23500 | wellbeing 0.001 | wm_loss 1.7150 | td 0.0000 | planner 0.00 | seuil None | eau 1 | bouffe 1 | morts 17 | eps 1.00
step   24000 | wellbeing 0.000 | wm_loss 1.7211 | td 0.0000 | planner 0.00 | seuil None | eau 1 | bouffe 1 | morts 17 | eps 1.00
step   24500 | wellbeing 0.000 | wm_loss 1.7104 | td 0.0000 | planner 0.00 | seuil None | eau 0 | bouffe 0 | morts 17 | eps 1.00
step   25000 | wellbeing 0.000 | wm_loss 1.7480 | td 0.0000 | planner 0.00 | seuil None | eau 0 | bouffe 0 | morts 17 | eps 1.00
step   25500 | wellbeing 0.000 | wm_loss 1.7437 | td 0.0000 | planner 0.00 | seuil None | eau 0 | bouffe 0 | morts 17 | eps 1.00
step   26000 | wellbeing 0.000 | wm_loss 1.7285 | td 0.0000 | planner 0.00 | seuil None | eau 0 | bouffe 0 | morts 17 | eps 1.00
step   26500 | wellbeing 0.000 | wm_loss 1.6875 | td 0.0000 | planner 0.00 | seuil None | eau 0 | bouffe 0 | morts 17 | eps 1.00
step   27000 | wellbeing 0.000 | wm_loss 1.7118 | td 0.0000 | planner 0.00 | seuil None | eau 0 | bouffe 0 | morts 17 | eps 1.00
step   27500 | wellbeing 0.000 | wm_loss 1.6680 | td 0.0000 | planner 0.00 | seuil None | eau 0 | bouffe 0 | morts 17 | eps 1.00
step   28000 | wellbeing 0.000 | wm_loss 1.7073 | td 0.0000 | planner 0.00 | seuil None | eau 0 | bouffe 0 | morts 17 | eps 1.00
step   28500 | wellbeing 0.000 | wm_loss 1.6730 | td 0.0000 | planner 0.00 | seuil None | eau 0 | bouffe 0 | morts 17 | eps 1.00
step   29000 | wellbeing 0.091 | wm_loss 1.6938 | td 0.0000 | planner 0.00 | seuil None | eau 0 | bouffe 1 | morts 18 | eps 1.00
step   29500 | wellbeing 0.166 | wm_loss 1.7042 | td 0.0000 | planner 0.00 | seuil None | eau 2 | bouffe 5 | morts 18 | eps 1.00
step   30000 | wellbeing 0.000 | wm_loss 1.7333 | td 0.0000 | planner 0.00 | seuil None | eau 0 | bouffe 0 | morts 18 | eps 1.00
step   30500 | wellbeing 0.000 | wm_loss 1.7047 | td 0.0000 | planner 0.00 | seuil None | eau 0 | bouffe 0 | morts 18 | eps 1.00
step   31000 | wellbeing 0.000 | wm_loss 1.7320 | td 0.0000 | planner 0.00 | seuil None | eau 0 | bouffe 0 | morts 18 | eps 1.00
step   31500 | wellbeing 0.000 | wm_loss 1.7364 | td 0.0000 | planner 0.00 | seuil None | eau 0 | bouffe 0 | morts 18 | eps 1.00
step   32000 | wellbeing 0.000 | wm_loss 1.7259 | td 0.0000 | planner 0.00 | seuil None | eau 0 | bouffe 0 | morts 18 | eps 1.00
step   32500 | wellbeing 0.000 | wm_loss 1.7027 | td 0.0000 | planner 0.00 | seuil None | eau 0 | bouffe 0 | morts 18 | eps 1.00
step   33000 | wellbeing 0.000 | wm_loss 1.7382 | td 0.0000 | planner 0.00 | seuil None | eau 0 | bouffe 0 | morts 18 | eps 1.00
step   33500 | wellbeing 0.000 | wm_loss 1.7644 | td 0.0000 | planner 0.00 | seuil None | eau 0 | bouffe 0 | morts 18 | eps 1.00
step   34000 | wellbeing 0.000 | wm_loss 1.7161 | td 0.0000 | planner 0.00 | seuil None | eau 0 | bouffe 0 | morts 18 | eps 1.00
step   34500 | wellbeing 0.000 | wm_loss 1.7433 | td 0.0000 | planner 0.00 | seuil None | eau 0 | bouffe 0 | morts 18 | eps 1.00
step   35000 | wellbeing 0.000 | wm_loss 1.7314 | td 0.0000 | planner 0.00 | seuil None | eau 0 | bouffe 0 | morts 18 | eps 1.00
step   35500 | wellbeing 0.000 | wm_loss 1.7287 | td 0.0000 | planner 0.00 | seuil None | eau 0 | bouffe 0 | morts 18 | eps 1.00
step   36000 | wellbeing 0.000 | wm_loss 1.7474 | td 0.0000 | planner 0.00 | seuil None | eau 1 | bouffe 0 | morts 18 | eps 1.00
step   36500 | wellbeing 0.000 | wm_loss 1.7498 | td 0.0000 | planner 0.00 | seuil None | eau 0 | bouffe 0 | morts 18 | eps 1.00
step   37000 | wellbeing 0.000 | wm_loss 1.7753 | td 0.0000 | planner 0.00 | seuil None | eau 0 | bouffe 0 | morts 18 | eps 1.00
step   37500 | wellbeing 0.000 | wm_loss 1.7752 | td 0.0000 | planner 0.00 | seuil None | eau 1 | bouffe 0 | morts 18 | eps 1.00
step   38000 | wellbeing 0.072 | wm_loss 1.7893 | td 0.0000 | planner 0.00 | seuil None | eau 1 | bouffe 0 | morts 19 | eps 1.00
step   38500 | wellbeing 0.383 | wm_loss 1.8128 | td 0.0000 | planner 0.00 | seuil None | eau 4 | bouffe 4 | morts 19 | eps 1.00
step   39000 | wellbeing 0.000 | wm_loss 1.7601 | td 0.0000 | planner 0.00 | seuil None | eau 0 | bouffe 1 | morts 19 | eps 1.00
step   39500 | wellbeing 0.000 | wm_loss 1.7658 | td 0.0000 | planner 0.00 | seuil None | eau 0 | bouffe 3 | morts 19 | eps 1.00
step   40000 | wellbeing 0.000 | wm_loss 1.7611 | td 0.0000 | planner 0.00 | seuil None | eau 0 | bouffe 1 | morts 19 | eps 1.00
step   40500 | wellbeing 0.000 | wm_loss 1.7533 | td 0.0000 | planner 0.00 | seuil None | eau 0 | bouffe 1 | morts 19 | eps 1.00
step   41000 | wellbeing 0.191 | wm_loss 1.7578 | td 0.0000 | planner 0.00 | seuil None | eau 1 | bouffe 0 | morts 20 | eps 1.00
step   41500 | wellbeing 0.000 | wm_loss 1.7452 | td 0.0000 | planner 0.00 | seuil None | eau 0 | bouffe 0 | morts 20 | eps 1.00
step   42000 | wellbeing 0.000 | wm_loss 1.7366 | td 0.0000 | planner 0.00 | seuil None | eau 0 | bouffe 1 | morts 20 | eps 1.00
step   42500 | wellbeing 0.000 | wm_loss 1.7574 | td 0.0000 | planner 0.00 | seuil None | eau 0 | bouffe 2 | morts 20 | eps 1.00
step   43000 | wellbeing 0.000 | wm_loss 1.7115 | td 0.0000 | planner 0.00 | seuil None | eau 0 | bouffe 1 | morts 20 | eps 1.00
step   43500 | wellbeing 0.000 | wm_loss 1.7029 | td 0.0000 | planner 0.00 | seuil None | eau 0 | bouffe 1 | morts 20 | eps 1.00
step   44000 | wellbeing 0.218 | wm_loss 1.7490 | td 0.0000 | planner 0.00 | seuil None | eau 2 | bouffe 1 | morts 21 | eps 1.00
step   44500 | wellbeing 0.000 | wm_loss 1.7472 | td 0.0000 | planner 0.00 | seuil None | eau 0 | bouffe 1 | morts 21 | eps 1.00
step   45000 | wellbeing 0.242 | wm_loss 1.8602 | td 0.0000 | planner 0.00 | seuil None | eau 1 | bouffe 2 | morts 22 | eps 1.00
step   45500 | wellbeing 0.000 | wm_loss 1.7248 | td 0.0000 | planner 0.00 | seuil None | eau 0 | bouffe 0 | morts 22 | eps 1.00
step   46000 | wellbeing 0.000 | wm_loss 1.7401 | td 0.0000 | planner 0.00 | seuil None | eau 1 | bouffe 0 | morts 22 | eps 1.00
step   46500 | wellbeing 0.000 | wm_loss 1.7369 | td 0.0000 | planner 0.00 | seuil None | eau 1 | bouffe 0 | morts 22 | eps 1.00
step   47000 | wellbeing 0.000 | wm_loss 1.7553 | td 0.0000 | planner 0.00 | seuil None | eau 1 | bouffe 0 | morts 22 | eps 1.00
step   47500 | wellbeing 0.000 | wm_loss 1.7314 | td 0.0000 | planner 0.00 | seuil None | eau 1 | bouffe 0 | morts 22 | eps 1.00
step   48000 | wellbeing 0.000 | wm_loss 1.7276 | td 0.0000 | planner 0.00 | seuil None | eau 1 | bouffe 0 | morts 22 | eps 1.00
step   48500 | wellbeing 0.000 | wm_loss 1.7360 | td 0.0000 | planner 0.00 | seuil None | eau 2 | bouffe 1 | morts 22 | eps 1.00
step   49000 | wellbeing 0.001 | wm_loss 1.7552 | td 0.0000 | planner 0.00 | seuil None | eau 3 | bouffe 1 | morts 22 | eps 1.00
step   49500 | wellbeing 0.002 | wm_loss 1.7719 | td 0.0000 | planner 0.00 | seuil None | eau 1 | bouffe 0 | morts 22 | eps 1.00
step   50000 | wellbeing 0.000 | wm_loss 1.7262 | td 0.0000 | planner 0.00 | seuil None | eau 2 | bouffe 0 | morts 22 | eps 1.00
  cerveau sauvegardé → runs/fouloide_online_seed1/checkpoint_online.pt
step   50500 | wellbeing 0.191 | wm_loss 1.8271 | td 0.0000 | planner 0.00 | seuil None | eau 2 | bouffe 1 | morts 23 | eps 1.00
step   51000 | wellbeing 0.081 | wm_loss 1.7643 | td 0.0000 | planner 0.00 | seuil None | eau 1 | bouffe 0 | morts 24 | eps 1.00
step   51500 | wellbeing 0.000 | wm_loss 1.7286 | td 0.0000 | planner 0.00 | seuil None | eau 0 | bouffe 0 | morts 24 | eps 1.00
step   52000 | wellbeing 0.000 | wm_loss 1.7710 | td 0.0000 | planner 0.00 | seuil None | eau 0 | bouffe 0 | morts 24 | eps 1.00
step   52500 | wellbeing 0.000 | wm_loss 1.8011 | td 0.0000 | planner 0.00 | seuil None | eau 0 | bouffe 1 | morts 24 | eps 1.00
step   53000 | wellbeing 0.156 | wm_loss 1.7511 | td 0.0000 | planner 0.00 | seuil None | eau 0 | bouffe 2 | morts 25 | eps 1.00
step   53500 | wellbeing 0.000 | wm_loss 1.7187 | td 0.0000 | planner 0.00 | seuil None | eau 1 | bouffe 3 | morts 25 | eps 1.00
step   54000 | wellbeing 0.001 | wm_loss 1.7595 | td 0.0000 | planner 0.00 | seuil None | eau 1 | bouffe 1 | morts 25 | eps 1.00
step   54500 | wellbeing 0.000 | wm_loss 1.7608 | td 0.0000 | planner 0.00 | seuil None | eau 2 | bouffe 0 | morts 25 | eps 1.00
step   55000 | wellbeing 0.000 | wm_loss 1.7235 | td 0.0000 | planner 0.00 | seuil None | eau 0 | bouffe 1 | morts 25 | eps 1.00
step   55500 | wellbeing 0.000 | wm_loss 1.7667 | td 0.0000 | planner 0.00 | seuil None | eau 1 | bouffe 1 | morts 25 | eps 1.00
step   56000 | wellbeing 0.000 | wm_loss 1.7242 | td 0.0000 | planner 0.00 | seuil None | eau 1 | bouffe 0 | morts 25 | eps 1.00
step   56500 | wellbeing 0.000 | wm_loss 1.7150 | td 0.0000 | planner 0.00 | seuil None | eau 0 | bouffe 1 | morts 25 | eps 1.00
step   57000 | wellbeing 0.000 | wm_loss 1.7348 | td 0.0000 | planner 0.00 | seuil None | eau 0 | bouffe 0 | morts 25 | eps 1.00
step   57500 | wellbeing 0.000 | wm_loss 1.7580 | td 0.0000 | planner 0.00 | seuil None | eau 0 | bouffe 0 | morts 25 | eps 1.00
step   58000 | wellbeing 0.000 | wm_loss 1.7834 | td 0.0000 | planner 0.00 | seuil None | eau 0 | bouffe 0 | morts 25 | eps 1.00
step   58500 | wellbeing 0.000 | wm_loss 1.7715 | td 0.0000 | planner 0.00 | seuil None | eau 0 | bouffe 0 | morts 25 | eps 1.00
step   59000 | wellbeing 0.001 | wm_loss 1.7377 | td 0.0000 | planner 0.00 | seuil None | eau 1 | bouffe 1 | morts 25 | eps 1.00
step   59500 | wellbeing 0.000 | wm_loss 1.7691 | td 0.0000 | planner 0.00 | seuil None | eau 0 | bouffe 0 | morts 25 | eps 1.00
step   60000 | wellbeing 0.000 | wm_loss 1.7427 | td 0.0000 | planner 0.00 | seuil None | eau 0 | bouffe 0 | morts 25 | eps 1.00
step   60500 | wellbeing 0.005 | wm_loss 1.7909 | td 0.0000 | planner 0.00 | seuil None | eau 2 | bouffe 2 | morts 25 | eps 1.00
step   61000 | wellbeing 0.020 | wm_loss 1.7734 | td 0.0000 | planner 0.00 | seuil None | eau 3 | bouffe 3 | morts 25 | eps 1.00
step   61500 | wellbeing 0.002 | wm_loss 1.7305 | td 0.0000 | planner 0.00 | seuil None | eau 3 | bouffe 3 | morts 25 | eps 1.00
step   62000 | wellbeing 0.026 | wm_loss 1.8161 | td 0.0000 | planner 0.00 | seuil None | eau 3 | bouffe 3 | morts 25 | eps 1.00
step   62500 | wellbeing 0.009 | wm_loss 1.7736 | td 0.0000 | planner 0.00 | seuil None | eau 2 | bouffe 2 | morts 25 | eps 1.00
step   63000 | wellbeing 0.000 | wm_loss 1.7495 | td 0.0000 | planner 0.00 | seuil None | eau 0 | bouffe 2 | morts 25 | eps 1.00
step   63500 | wellbeing 0.000 | wm_loss 1.7625 | td 0.0000 | planner 0.00 | seuil None | eau 1 | bouffe 3 | morts 25 | eps 1.00
step   64000 | wellbeing 0.008 | wm_loss 1.7499 | td 0.0000 | planner 0.00 | seuil None | eau 1 | bouffe 3 | morts 25 | eps 1.00
step   64500 | wellbeing 0.017 | wm_loss 1.8086 | td 0.0000 | planner 0.00 | seuil None | eau 2 | bouffe 5 | morts 25 | eps 1.00
step   65000 | wellbeing 0.016 | wm_loss 1.7792 | td 0.0000 | planner 0.00 | seuil None | eau 1 | bouffe 0 | morts 25 | eps 1.00
step   65500 | wellbeing 0.000 | wm_loss 1.8079 | td 0.0000 | planner 0.00 | seuil None | eau 0 | bouffe 0 | morts 25 | eps 1.00
step   66000 | wellbeing 0.000 | wm_loss 1.7735 | td 0.0000 | planner 0.00 | seuil None | eau 1 | bouffe 2 | morts 25 | eps 1.00
step   66500 | wellbeing 0.023 | wm_loss 1.8388 | td 0.0000 | planner 0.00 | seuil None | eau 3 | bouffe 4 | morts 25 | eps 1.00
step   67000 | wellbeing 0.015 | wm_loss 1.7686 | td 0.0000 | planner 0.00 | seuil None | eau 2 | bouffe 4 | morts 25 | eps 1.00
step   67500 | wellbeing 0.004 | wm_loss 1.7940 | td 0.0000 | planner 0.00 | seuil None | eau 2 | bouffe 4 | morts 25 | eps 1.00
step   68000 | wellbeing 0.007 | wm_loss 1.7678 | td 0.0000 | planner 0.00 | seuil None | eau 2 | bouffe 4 | morts 25 | eps 1.00
step   68500 | wellbeing 0.017 | wm_loss 1.8178 | td 0.0000 | planner 0.00 | seuil None | eau 0 | bouffe 1 | morts 25 | eps 1.00
step   69000 | wellbeing 0.000 | wm_loss 1.8351 | td 0.0000 | planner 0.00 | seuil None | eau 0 | bouffe 2 | morts 25 | eps 1.00
step   69500 | wellbeing 0.000 | wm_loss 1.8407 | td 0.0000 | planner 0.00 | seuil None | eau 0 | bouffe 0 | morts 25 | eps 1.00
step   70000 | wellbeing 0.000 | wm_loss 1.8469 | td 0.0000 | planner 0.00 | seuil None | eau 0 | bouffe 1 | morts 25 | eps 1.00
step   70500 | wellbeing 0.000 | wm_loss 2.0214 | td 0.0000 | planner 0.00 | seuil None | eau 0 | bouffe 0 | morts 25 | eps 1.00
step   71000 | wellbeing 0.020 | wm_loss 1.8673 | td 0.0000 | planner 0.00 | seuil None | eau 1 | bouffe 1 | morts 25 | eps 1.00
step   71500 | wellbeing 0.311 | wm_loss 1.8296 | td 0.0000 | planner 0.00 | seuil None | eau 1 | bouffe 2 | morts 27 | eps 1.00
step   72000 | wellbeing 0.225 | wm_loss 1.8411 | td 0.0000 | planner 0.00 | seuil None | eau 2 | bouffe 0 | morts 28 | eps 1.00
step   72500 | wellbeing 0.021 | wm_loss 1.8563 | td 0.0000 | planner 0.00 | seuil None | eau 1 | bouffe 0 | morts 28 | eps 1.00
step   73000 | wellbeing 0.000 | wm_loss 1.8133 | td 0.0000 | planner 0.00 | seuil None | eau 0 | bouffe 0 | morts 28 | eps 1.00
step   73500 | wellbeing 0.000 | wm_loss 1.8484 | td 0.0000 | planner 0.00 | seuil None | eau 0 | bouffe 0 | morts 28 | eps 1.00
step   74000 | wellbeing 0.000 | wm_loss 1.8916 | td 0.0000 | planner 0.00 | seuil None | eau 0 | bouffe 0 | morts 28 | eps 1.00
step   74500 | wellbeing 0.000 | wm_loss 1.8477 | td 0.0000 | planner 0.00 | seuil None | eau 0 | bouffe 0 | morts 28 | eps 1.00
step   75000 | wellbeing 0.000 | wm_loss 1.8501 | td 0.0000 | planner 0.00 | seuil None | eau 0 | bouffe 0 | morts 28 | eps 1.00
step   75500 | wellbeing 0.000 | wm_loss 1.8458 | td 0.0000 | planner 0.00 | seuil None | eau 0 | bouffe 0 | morts 28 | eps 1.00
step   76000 | wellbeing 0.011 | wm_loss 1.8452 | td 0.0000 | planner 0.00 | seuil None | eau 2 | bouffe 1 | morts 28 | eps 1.00
step   76500 | wellbeing 0.000 | wm_loss 1.8386 | td 0.0000 | planner 0.00 | seuil None | eau 4 | bouffe 0 | morts 28 | eps 1.00
step   77000 | wellbeing 0.010 | wm_loss 1.8613 | td 0.0000 | planner 0.00 | seuil None | eau 2 | bouffe 2 | morts 28 | eps 1.00
step   77500 | wellbeing 0.000 | wm_loss 1.8304 | td 0.0000 | planner 0.00 | seuil None | eau 1 | bouffe 0 | morts 28 | eps 1.00
step   78000 | wellbeing 0.000 | wm_loss 1.8586 | td 0.0000 | planner 0.00 | seuil None | eau 1 | bouffe 0 | morts 28 | eps 1.00
step   78500 | wellbeing 0.000 | wm_loss 1.8419 | td 0.0000 | planner 0.00 | seuil None | eau 0 | bouffe 0 | morts 28 | eps 1.00
step   79000 | wellbeing 0.000 | wm_loss 1.8551 | td 0.0000 | planner 0.00 | seuil None | eau 1 | bouffe 0 | morts 28 | eps 1.00
step   79500 | wellbeing 0.000 | wm_loss 1.8864 | td 0.0000 | planner 0.00 | seuil None | eau 0 | bouffe 0 | morts 28 | eps 1.00
step   80000 | wellbeing 0.000 | wm_loss 1.8602 | td 0.0000 | planner 0.00 | seuil None | eau 1 | bouffe 0 | morts 28 | eps 1.00
step   80500 | wellbeing 0.000 | wm_loss 1.8602 | td 0.0000 | planner 0.00 | seuil None | eau 0 | bouffe 1 | morts 28 | eps 1.00
step   81000 | wellbeing 0.000 | wm_loss 1.9114 | td 0.0000 | planner 0.00 | seuil None | eau 1 | bouffe 1 | morts 28 | eps 1.00
step   81500 | wellbeing 0.012 | wm_loss 1.8911 | td 0.0000 | planner 0.00 | seuil None | eau 1 | bouffe 2 | morts 28 | eps 1.00
step   82000 | wellbeing 0.006 | wm_loss 1.8375 | td 0.0000 | planner 0.00 | seuil None | eau 0 | bouffe 0 | morts 28 | eps 1.00
step   82500 | wellbeing 0.000 | wm_loss 1.8254 | td 0.0000 | planner 0.00 | seuil None | eau 1 | bouffe 0 | morts 28 | eps 1.00
step   83000 | wellbeing 0.015 | wm_loss 1.8299 | td 0.0000 | planner 0.00 | seuil None | eau 3 | bouffe 1 | morts 28 | eps 1.00
step   83500 | wellbeing 0.000 | wm_loss 1.8840 | td 0.0000 | planner 0.00 | seuil None | eau 0 | bouffe 0 | morts 28 | eps 1.00
step   84000 | wellbeing 0.000 | wm_loss 1.9088 | td 0.0000 | planner 0.00 | seuil None | eau 0 | bouffe 1 | morts 28 | eps 1.00
step   84500 | wellbeing 0.000 | wm_loss 1.8826 | td 0.0000 | planner 0.00 | seuil None | eau 0 | bouffe 0 | morts 28 | eps 1.00
step   85000 | wellbeing 0.000 | wm_loss 1.8882 | td 0.0000 | planner 0.00 | seuil None | eau 0 | bouffe 0 | morts 28 | eps 1.00
step   85500 | wellbeing 0.000 | wm_loss 1.9215 | td 0.0000 | planner 0.00 | seuil None | eau 0 | bouffe 0 | morts 28 | eps 1.00
step   86000 | wellbeing 0.000 | wm_loss 1.9094 | td 0.0000 | planner 0.00 | seuil None | eau 0 | bouffe 0 | morts 28 | eps 1.00
step   86500 | wellbeing 0.000 | wm_loss 1.8593 | td 0.0000 | planner 0.00 | seuil None | eau 0 | bouffe 0 | morts 28 | eps 1.00
step   87000 | wellbeing 0.000 | wm_loss 1.8611 | td 0.0000 | planner 0.00 | seuil None | eau 2 | bouffe 0 | morts 28 | eps 1.00
step   87500 | wellbeing 0.000 | wm_loss 1.8868 | td 0.0000 | planner 0.00 | seuil None | eau 1 | bouffe 1 | morts 28 | eps 1.00
step   88000 | wellbeing 0.021 | wm_loss 1.8378 | td 0.0000 | planner 0.00 | seuil None | eau 4 | bouffe 1 | morts 28 | eps 1.00
step   88500 | wellbeing 0.000 | wm_loss 1.8774 | td 0.0000 | planner 0.00 | seuil None | eau 1 | bouffe 2 | morts 28 | eps 1.00
step   89000 | wellbeing 0.000 | wm_loss 1.8775 | td 0.0000 | planner 0.00 | seuil None | eau 1 | bouffe 0 | morts 28 | eps 1.00
step   89500 | wellbeing 0.014 | wm_loss 1.8904 | td 0.0000 | planner 0.00 | seuil None | eau 2 | bouffe 2 | morts 28 | eps 1.00
step   90000 | wellbeing 0.000 | wm_loss 1.8524 | td 0.0000 | planner 0.00 | seuil None | eau 2 | bouffe 1 | morts 28 | eps 1.00
step   90500 | wellbeing 0.037 | wm_loss 1.8887 | td 0.0000 | planner 0.00 | seuil None | eau 2 | bouffe 4 | morts 28 | eps 1.00
step   91000 | wellbeing 0.025 | wm_loss 1.8808 | td 0.0000 | planner 0.00 | seuil None | eau 1 | bouffe 4 | morts 28 | eps 1.00
step   91500 | wellbeing 0.000 | wm_loss 1.8508 | td 0.0000 | planner 0.00 | seuil None | eau 0 | bouffe 3 | morts 28 | eps 1.00
step   92000 | wellbeing 0.008 | wm_loss 1.9445 | td 0.0000 | planner 0.00 | seuil None | eau 2 | bouffe 2 | morts 28 | eps 1.00
step   92500 | wellbeing 0.020 | wm_loss 1.9238 | td 0.0000 | planner 0.00 | seuil None | eau 1 | bouffe 3 | morts 28 | eps 1.00
step   93000 | wellbeing 0.000 | wm_loss 1.8869 | td 0.0000 | planner 0.00 | seuil None | eau 0 | bouffe 3 | morts 28 | eps 1.00
step   93500 | wellbeing 0.000 | wm_loss 1.8687 | td 0.0000 | planner 0.00 | seuil None | eau 0 | bouffe 2 | morts 28 | eps 1.00
step   94000 | wellbeing 0.024 | wm_loss 1.8649 | td 0.0000 | planner 0.00 | seuil None | eau 2 | bouffe 2 | morts 28 | eps 1.00
step   94500 | wellbeing 0.005 | wm_loss 1.8833 | td 0.0000 | planner 0.00 | seuil None | eau 1 | bouffe 3 | morts 28 | eps 1.00
step   95000 | wellbeing 0.025 | wm_loss 1.9074 | td 0.0000 | planner 0.00 | seuil None | eau 0 | bouffe 3 | morts 28 | eps 1.00
step   95500 | wellbeing 0.011 | wm_loss 1.9142 | td 0.0000 | planner 0.00 | seuil None | eau 2 | bouffe 2 | morts 28 | eps 1.00
step   96000 | wellbeing 0.000 | wm_loss 1.8732 | td 0.0000 | planner 0.00 | seuil None | eau 1 | bouffe 4 | morts 28 | eps 1.00
step   96500 | wellbeing 0.000 | wm_loss 1.8607 | td 0.0000 | planner 0.00 | seuil None | eau 0 | bouffe 4 | morts 28 | eps 1.00
step   97000 | wellbeing 0.041 | wm_loss 1.8850 | td 0.0000 | planner 0.00 | seuil None | eau 2 | bouffe 4 | morts 28 | eps 1.00
step   97500 | wellbeing 0.018 | wm_loss 1.8916 | td 0.0000 | planner 0.00 | seuil None | eau 0 | bouffe 3 | morts 28 | eps 1.00
step   98000 | wellbeing 0.000 | wm_loss 1.8445 | td 0.0000 | planner 0.00 | seuil None | eau 0 | bouffe 1 | morts 28 | eps 1.00
step   98500 | wellbeing 0.000 | wm_loss 1.9269 | td 0.0000 | planner 0.00 | seuil None | eau 0 | bouffe 0 | morts 28 | eps 1.00
step   99000 | wellbeing 0.000 | wm_loss 1.8802 | td 0.0000 | planner 0.00 | seuil None | eau 0 | bouffe 2 | morts 28 | eps 1.00
step   99500 | wellbeing 0.001 | wm_loss 1.9386 | td 0.0000 | planner 0.00 | seuil None | eau 2 | bouffe 3 | morts 28 | eps 1.00
step  100000 | wellbeing 0.008 | wm_loss 1.9085 | td 0.0000 | planner 0.00 | seuil None | eau 1 | bouffe 5 | morts 28 | eps 1.00
  cerveau sauvegardé → runs/fouloide_online_seed1/checkpoint_online.pt
step  100500 | wellbeing 0.004 | wm_loss 1.8939 | td 0.0000 | planner 0.00 | seuil None | eau 2 | bouffe 4 | morts 28 | eps 1.00
step  101000 | wellbeing 0.028 | wm_loss 1.8858 | td 0.0000 | planner 0.00 | seuil None | eau 2 | bouffe 4 | morts 28 | eps 1.00
step  101500 | wellbeing 0.005 | wm_loss 1.9388 | td 0.0000 | planner 0.00 | seuil None | eau 1 | bouffe 5 | morts 28 | eps 1.00
step  102000 | wellbeing 0.006 | wm_loss 1.9092 | td 0.0000 | planner 0.00 | seuil None | eau 2 | bouffe 4 | morts 28 | eps 1.00
step  102500 | wellbeing 0.028 | wm_loss 1.8806 | td 0.0000 | planner 0.00 | seuil None | eau 2 | bouffe 3 | morts 28 | eps 1.00
step  103000 | wellbeing 0.241 | wm_loss 1.9274 | td 0.0000 | planner 0.00 | seuil None | eau 2 | bouffe 3 | morts 29 | eps 1.00
step  103500 | wellbeing 0.211 | wm_loss 1.9294 | td 0.0000 | planner 0.00 | seuil None | eau 2 | bouffe 0 | morts 30 | eps 1.00
step  104000 | wellbeing 0.306 | wm_loss 1.9137 | td 0.0000 | planner 0.00 | seuil None | eau 0 | bouffe 1 | morts 32 | eps 1.00
step  104500 | wellbeing 0.181 | wm_loss 1.9152 | td 0.0000 | planner 0.00 | seuil None | eau 2 | bouffe 1 | morts 33 | eps 1.00
step  105000 | wellbeing 0.495 | wm_loss 1.9607 | td 0.0000 | planner 0.00 | seuil None | eau 3 | bouffe 5 | morts 34 | eps 1.00
step  105500 | wellbeing 0.015 | wm_loss 1.8950 | td 0.0000 | planner 0.00 | seuil None | eau 0 | bouffe 0 | morts 34 | eps 1.00
step  106000 | wellbeing 0.159 | wm_loss 1.9507 | td 0.0000 | planner 0.00 | seuil None | eau 0 | bouffe 3 | morts 35 | eps 1.00
step  106500 | wellbeing 0.155 | wm_loss 1.9376 | td 0.0000 | planner 0.00 | seuil None | eau 0 | bouffe 0 | morts 36 | eps 1.00
step  107000 | wellbeing 0.000 | wm_loss 1.9318 | td 0.0000 | planner 0.00 | seuil None | eau 0 | bouffe 1 | morts 36 | eps 1.00
step  107500 | wellbeing 0.000 | wm_loss 1.9167 | td 0.0000 | planner 0.00 | seuil None | eau 1 | bouffe 0 | morts 36 | eps 1.00
step  108000 | wellbeing 0.000 | wm_loss 1.9255 | td 0.0000 | planner 0.00 | seuil None | eau 1 | bouffe 1 | morts 36 | eps 1.00
step  108500 | wellbeing 0.000 | wm_loss 1.8963 | td 0.0000 | planner 0.00 | seuil None | eau 0 | bouffe 0 | morts 36 | eps 1.00
step  109000 | wellbeing 0.000 | wm_loss 1.9455 | td 0.0000 | planner 0.00 | seuil None | eau 0 | bouffe 1 | morts 36 | eps 1.00
step  109500 | wellbeing 0.473 | wm_loss 1.9309 | td 0.0000 | planner 0.00 | seuil None | eau 0 | bouffe 3 | morts 39 | eps 1.00
step  110000 | wellbeing 0.000 | wm_loss 1.9316 | td 0.0000 | planner 0.00 | seuil None | eau 0 | bouffe 0 | morts 39 | eps 1.00
step  110500 | wellbeing 0.188 | wm_loss 1.9022 | td 0.0000 | planner 0.00 | seuil None | eau 2 | bouffe 3 | morts 40 | eps 1.00
step  111000 | wellbeing 0.002 | wm_loss 1.8996 | td 0.0000 | planner 0.00 | seuil None | eau 1 | bouffe 1 | morts 40 | eps 1.00
step  111500 | wellbeing 0.185 | wm_loss 1.9027 | td 0.0000 | planner 0.00 | seuil None | eau 2 | bouffe 1 | morts 41 | eps 1.00
step  112000 | wellbeing 0.017 | wm_loss 1.8945 | td 0.0000 | planner 0.00 | seuil None | eau 1 | bouffe 1 | morts 41 | eps 1.00
step  112500 | wellbeing 0.156 | wm_loss 1.8811 | td 0.0000 | planner 0.00 | seuil None | eau 0 | bouffe 2 | morts 42 | eps 1.00
step  113000 | wellbeing 0.000 | wm_loss 1.9201 | td 0.0000 | planner 0.00 | seuil None | eau 1 | bouffe 0 | morts 42 | eps 1.00
step  113500 | wellbeing 0.000 | wm_loss 1.9333 | td 0.0000 | planner 0.00 | seuil None | eau 0 | bouffe 0 | morts 42 | eps 1.00
step  114000 | wellbeing 0.008 | wm_loss 1.9520 | td 0.0000 | planner 0.00 | seuil None | eau 2 | bouffe 1 | morts 42 | eps 1.00
step  114500 | wellbeing 0.301 | wm_loss 1.9304 | td 0.0000 | planner 0.00 | seuil None | eau 3 | bouffe 3 | morts 43 | eps 1.00
step  115000 | wellbeing 0.000 | wm_loss 1.9404 | td 0.0000 | planner 0.00 | seuil None | eau 1 | bouffe 0 | morts 43 | eps 1.00
step  115500 | wellbeing 0.197 | wm_loss 1.8966 | td 0.0000 | planner 0.00 | seuil None | eau 1 | bouffe 0 | morts 44 | eps 1.00
step  116000 | wellbeing 0.000 | wm_loss 1.9240 | td 0.0000 | planner 0.00 | seuil None | eau 0 | bouffe 1 | morts 44 | eps 1.00
step  116500 | wellbeing 0.000 | wm_loss 1.9292 | td 0.0000 | planner 0.00 | seuil None | eau 0 | bouffe 0 | morts 44 | eps 1.00
step  117000 | wellbeing 0.000 | wm_loss 1.8990 | td 0.0000 | planner 0.00 | seuil None | eau 0 | bouffe 1 | morts 44 | eps 1.00
step  117500 | wellbeing 0.000 | wm_loss 1.8534 | td 0.0000 | planner 0.00 | seuil None | eau 1 | bouffe 0 | morts 44 | eps 1.00
step  118000 | wellbeing 0.000 | wm_loss 1.9075 | td 0.0000 | planner 0.00 | seuil None | eau 1 | bouffe 2 | morts 44 | eps 1.00
step  118500 | wellbeing 0.000 | wm_loss 1.9048 | td 0.0000 | planner 0.00 | seuil None | eau 1 | bouffe 0 | morts 44 | eps 1.00
step  119000 | wellbeing 0.013 | wm_loss 1.8898 | td 0.0000 | planner 0.00 | seuil None | eau 1 | bouffe 2 | morts 44 | eps 1.00
step  119500 | wellbeing 0.001 | wm_loss 1.8967 | td 0.0000 | planner 0.00 | seuil None | eau 1 | bouffe 4 | morts 44 | eps 1.00
step  120000 | wellbeing 0.000 | wm_loss 1.9015 | td 0.0000 | planner 0.00 | seuil None | eau 1 | bouffe 0 | morts 44 | eps 1.00
step  120500 | wellbeing 0.000 | wm_loss 1.9233 | td 0.0000 | planner 0.00 | seuil None | eau 0 | bouffe 1 | morts 44 | eps 1.00
step  121000 | wellbeing 0.324 | wm_loss 1.9660 | td 0.0000 | planner 0.00 | seuil None | eau 1 | bouffe 4 | morts 46 | eps 1.00
step  121500 | wellbeing 0.031 | wm_loss 1.9294 | td 0.0000 | planner 0.00 | seuil None | eau 1 | bouffe 5 | morts 46 | eps 1.00
step  122000 | wellbeing 0.000 | wm_loss 1.9503 | td 0.0000 | planner 0.00 | seuil None | eau 0 | bouffe 1 | morts 46 | eps 1.00
step  122500 | wellbeing 0.000 | wm_loss 1.8942 | td 0.0000 | planner 0.00 | seuil None | eau 0 | bouffe 1 | morts 46 | eps 1.00
step  123000 | wellbeing 0.000 | wm_loss 1.9004 | td 0.0000 | planner 0.00 | seuil None | eau 0 | bouffe 2 | morts 46 | eps 1.00
step  123500 | wellbeing 0.000 | wm_loss 1.9290 | td 0.0000 | planner 0.00 | seuil None | eau 0 | bouffe 1 | morts 46 | eps 1.00
step  124000 | wellbeing 0.158 | wm_loss 1.8828 | td 0.0000 | planner 0.00 | seuil None | eau 2 | bouffe 3 | morts 47 | eps 1.00
step  124500 | wellbeing 0.027 | wm_loss 1.9166 | td 0.0000 | planner 0.00 | seuil None | eau 1 | bouffe 1 | morts 47 | eps 1.00
step  125000 | wellbeing 0.000 | wm_loss 1.8833 | td 0.0000 | planner 0.00 | seuil None | eau 0 | bouffe 3 | morts 47 | eps 1.00
step  125500 | wellbeing 0.000 | wm_loss 1.8805 | td 0.0000 | planner 0.00 | seuil None | eau 1 | bouffe 4 | morts 47 | eps 1.00
step  126000 | wellbeing 0.000 | wm_loss 1.8987 | td 0.0000 | planner 0.00 | seuil None | eau 0 | bouffe 6 | morts 47 | eps 1.00
step  126500 | wellbeing 0.000 | wm_loss 1.9312 | td 0.0000 | planner 0.00 | seuil None | eau 0 | bouffe 2 | morts 47 | eps 1.00
step  127000 | wellbeing 0.000 | wm_loss 1.9255 | td 0.0000 | planner 0.00 | seuil None | eau 0 | bouffe 1 | morts 47 | eps 1.00
step  127500 | wellbeing 0.000 | wm_loss 1.9286 | td 0.0000 | planner 0.00 | seuil None | eau 0 | bouffe 1 | morts 47 | eps 1.00
step  128000 | wellbeing 0.000 | wm_loss 1.8584 | td 0.0000 | planner 0.00 | seuil None | eau 0 | bouffe 2 | morts 47 | eps 1.00
step  128500 | wellbeing 0.000 | wm_loss 1.8742 | td 0.0000 | planner 0.00 | seuil None | eau 0 | bouffe 2 | morts 47 | eps 1.00
step  129000 | wellbeing 0.046 | wm_loss 1.9661 | td 0.0000 | planner 0.00 | seuil None | eau 0 | bouffe 4 | morts 48 | eps 1.00
step  129500 | wellbeing 0.406 | wm_loss 1.9097 | td 0.0000 | planner 0.00 | seuil None | eau 1 | bouffe 2 | morts 49 | eps 1.00
step  130000 | wellbeing 0.156 | wm_loss 1.8853 | td 0.0000 | planner 0.00 | seuil None | eau 0 | bouffe 0 | morts 50 | eps 1.00
step  130500 | wellbeing 0.151 | wm_loss 1.9119 | td 0.0000 | planner 0.00 | seuil None | eau 1 | bouffe 1 | morts 51 | eps 1.00
step  131000 | wellbeing 0.004 | wm_loss 1.9371 | td 0.0000 | planner 0.00 | seuil None | eau 0 | bouffe 0 | morts 51 | eps 1.00
step  131500 | wellbeing 0.155 | wm_loss 1.9395 | td 0.0000 | planner 0.00 | seuil None | eau 0 | bouffe 1 | morts 52 | eps 1.00
step  132000 | wellbeing 0.179 | wm_loss 1.9473 | td 0.0000 | planner 0.00 | seuil None | eau 1 | bouffe 2 | morts 53 | eps 1.00
step  132500 | wellbeing 0.239 | wm_loss 1.9132 | td 0.0000 | planner 0.00 | seuil None | eau 2 | bouffe 2 | morts 54 | eps 1.00
step  133000 | wellbeing 0.000 | wm_loss 1.9170 | td 0.0000 | planner 0.00 | seuil None | eau 0 | bouffe 1 | morts 54 | eps 1.00
step  133500 | wellbeing 0.000 | wm_loss 1.9164 | td 0.0000 | planner 0.00 | seuil None | eau 1 | bouffe 1 | morts 54 | eps 1.00
step  134000 | wellbeing 0.000 | wm_loss 1.9249 | td 0.0000 | planner 0.00 | seuil None | eau 0 | bouffe 2 | morts 54 | eps 1.00
step  134500 | wellbeing 0.001 | wm_loss 1.9299 | td 0.0000 | planner 0.00 | seuil None | eau 3 | bouffe 2 | morts 54 | eps 1.00
step  135000 | wellbeing 0.000 | wm_loss 1.9174 | td 0.0000 | planner 0.00 | seuil None | eau 2 | bouffe 0 | morts 54 | eps 1.00
step  135500 | wellbeing 0.134 | wm_loss 1.9178 | td 0.0000 | planner 0.00 | seuil None | eau 2 | bouffe 2 | morts 55 | eps 1.00
step  136000 | wellbeing 0.182 | wm_loss 1.9151 | td 0.0000 | planner 0.00 | seuil None | eau 0 | bouffe 3 | morts 56 | eps 1.00
step  136500 | wellbeing 0.141 | wm_loss 1.9099 | td 0.0000 | planner 0.00 | seuil None | eau 1 | bouffe 0 | morts 57 | eps 1.00
step  137000 | wellbeing 0.001 | wm_loss 1.9261 | td 0.0000 | planner 0.00 | seuil None | eau 4 | bouffe 2 | morts 57 | eps 1.00
step  137500 | wellbeing 0.076 | wm_loss 1.9590 | td 0.0000 | planner 0.00 | seuil None | eau 4 | bouffe 4 | morts 57 | eps 1.00
step  138000 | wellbeing 0.012 | wm_loss 1.9038 | td 0.0000 | planner 0.00 | seuil None | eau 3 | bouffe 4 | morts 57 | eps 1.00
step  138500 | wellbeing 0.225 | wm_loss 1.9133 | td 0.0000 | planner 0.00 | seuil None | eau 3 | bouffe 2 | morts 58 | eps 1.00
step  139000 | wellbeing 0.006 | wm_loss 1.8853 | td 0.0000 | planner 0.00 | seuil None | eau 0 | bouffe 0 | morts 59 | eps 1.00
step  139500 | wellbeing 0.149 | wm_loss 1.9095 | td 0.0000 | planner 0.00 | seuil None | eau 0 | bouffe 2 | morts 59 | eps 1.00
step  140000 | wellbeing 0.166 | wm_loss 1.9192 | td 0.0000 | planner 0.00 | seuil None | eau 2 | bouffe 3 | morts 60 | eps 1.00
step  140500 | wellbeing 0.026 | wm_loss 1.9448 | td 0.0000 | planner 0.00 | seuil None | eau 0 | bouffe 1 | morts 60 | eps 1.00
step  141000 | wellbeing 0.000 | wm_loss 1.9296 | td 0.0000 | planner 0.00 | seuil None | eau 0 | bouffe 0 | morts 60 | eps 1.00
step  141500 | wellbeing 0.097 | wm_loss 1.9054 | td 0.0000 | planner 0.00 | seuil None | eau 0 | bouffe 3 | morts 61 | eps 1.00
step  142000 | wellbeing 0.238 | wm_loss 1.9150 | td 0.0000 | planner 0.00 | seuil None | eau 1 | bouffe 1 | morts 62 | eps 1.00
step  142500 | wellbeing 0.168 | wm_loss 1.8888 | td 0.0000 | planner 0.00 | seuil None | eau 1 | bouffe 1 | morts 63 | eps 1.00
step  143000 | wellbeing 0.310 | wm_loss 1.9205 | td 0.0000 | planner 0.00 | seuil None | eau 0 | bouffe 0 | morts 65 | eps 1.00
step  143500 | wellbeing 0.048 | wm_loss 1.9067 | td 0.0000 | planner 0.00 | seuil None | eau 0 | bouffe 1 | morts 66 | eps 1.00
step  144000 | wellbeing 0.120 | wm_loss 1.9228 | td 0.0000 | planner 0.00 | seuil None | eau 2 | bouffe 2 | morts 66 | eps 1.00
step  144500 | wellbeing 0.000 | wm_loss 1.8834 | td 0.0000 | planner 0.00 | seuil None | eau 2 | bouffe 0 | morts 66 | eps 1.00
step  145000 | wellbeing 0.151 | wm_loss 1.9110 | td 0.0000 | planner 0.00 | seuil None | eau 0 | bouffe 3 | morts 67 | eps 1.00
step  145500 | wellbeing 0.005 | wm_loss 1.9322 | td 0.0000 | planner 0.00 | seuil None | eau 0 | bouffe 0 | morts 67 | eps 1.00
step  146000 | wellbeing 0.294 | wm_loss 1.9022 | td 0.0000 | planner 0.00 | seuil None | eau 5 | bouffe 2 | morts 69 | eps 1.00
step  146500 | wellbeing 0.076 | wm_loss 1.9193 | td 0.0000 | planner 0.00 | seuil None | eau 0 | bouffe 0 | morts 69 | eps 1.00
step  147000 | wellbeing 0.000 | wm_loss 1.9232 | td 0.0000 | planner 0.00 | seuil None | eau 0 | bouffe 1 | morts 69 | eps 1.00
step  147500 | wellbeing 0.000 | wm_loss 1.9545 | td 0.0000 | planner 0.00 | seuil None | eau 0 | bouffe 0 | morts 69 | eps 1.00
step  148000 | wellbeing 0.000 | wm_loss 1.9114 | td 0.0000 | planner 0.00 | seuil None | eau 0 | bouffe 1 | morts 69 | eps 1.00
step  148500 | wellbeing 0.000 | wm_loss 1.8501 | td 0.0000 | planner 0.00 | seuil None | eau 0 | bouffe 1 | morts 69 | eps 1.00
step  149000 | wellbeing 0.000 | wm_loss 1.9102 | td 0.0000 | planner 0.00 | seuil None | eau 0 | bouffe 0 | morts 69 | eps 1.00
step  149500 | wellbeing 0.000 | wm_loss 1.9083 | td 0.0000 | planner 0.00 | seuil None | eau 0 | bouffe 1 | morts 69 | eps 1.00
step  150000 | wellbeing 0.000 | wm_loss 1.9381 | td 0.0000 | planner 0.00 | seuil None | eau 0 | bouffe 0 | morts 69 | eps 1.00
  cerveau sauvegardé → runs/fouloide_online_seed1/checkpoint_online.pt
step  150500 | wellbeing 0.000 | wm_loss 1.9161 | td 0.0000 | planner 0.00 | seuil None | eau 0 | bouffe 1 | morts 69 | eps 1.00
step  151000 | wellbeing 0.000 | wm_loss 1.9266 | td 0.0000 | planner 0.00 | seuil None | eau 0 | bouffe 1 | morts 69 | eps 1.00
step  151500 | wellbeing 0.000 | wm_loss 1.9168 | td 0.0000 | planner 0.00 | seuil None | eau 0 | bouffe 1 | morts 69 | eps 1.00
step  152000 | wellbeing 0.168 | wm_loss 1.9009 | td 0.0000 | planner 0.00 | seuil None | eau 1 | bouffe 2 | morts 70 | eps 1.00
step  152500 | wellbeing 0.054 | wm_loss 1.9391 | td 0.0000 | planner 0.00 | seuil None | eau 1 | bouffe 6 | morts 70 | eps 1.00
step  153000 | wellbeing 0.006 | wm_loss 1.8963 | td 0.0000 | planner 0.00 | seuil None | eau 2 | bouffe 2 | morts 70 | eps 1.00
step  153500 | wellbeing 0.000 | wm_loss 1.9069 | td 0.0000 | planner 0.00 | seuil None | eau 0 | bouffe 0 | morts 70 | eps 1.00
step  154000 | wellbeing 0.000 | wm_loss 1.9432 | td 0.0000 | planner 0.00 | seuil None | eau 0 | bouffe 1 | morts 70 | eps 1.00
step  154500 | wellbeing 0.000 | wm_loss 1.9184 | td 0.0000 | planner 0.00 | seuil None | eau 0 | bouffe 2 | morts 70 | eps 1.00
step  155000 | wellbeing 0.206 | wm_loss 1.9018 | td 0.0000 | planner 0.00 | seuil None | eau 3 | bouffe 1 | morts 71 | eps 1.00
step  155500 | wellbeing 0.156 | wm_loss 1.9373 | td 0.0000 | planner 0.00 | seuil None | eau 0 | bouffe 0 | morts 72 | eps 1.00
step  156000 | wellbeing 0.034 | wm_loss 1.9474 | td 0.0000 | planner 0.00 | seuil None | eau 1 | bouffe 5 | morts 72 | eps 1.00
step  156500 | wellbeing 0.155 | wm_loss 1.8837 | td 0.0000 | planner 0.00 | seuil None | eau 2 | bouffe 2 | morts 73 | eps 1.00
step  157000 | wellbeing 0.159 | wm_loss 1.9280 | td 0.0000 | planner 0.00 | seuil None | eau 1 | bouffe 1 | morts 74 | eps 1.00
step  157500 | wellbeing 0.000 | wm_loss 1.9370 | td 0.0000 | planner 0.00 | seuil None | eau 0 | bouffe 1 | morts 74 | eps 1.00
step  158000 | wellbeing 0.138 | wm_loss 1.9142 | td 0.0000 | planner 0.00 | seuil None | eau 0 | bouffe 0 | morts 75 | eps 1.00
step  158500 | wellbeing 0.017 | wm_loss 1.8852 | td 0.0000 | planner 0.00 | seuil None | eau 0 | bouffe 2 | morts 75 | eps 1.00
step  159000 | wellbeing 0.155 | wm_loss 1.9177 | td 0.0000 | planner 0.00 | seuil None | eau 0 | bouffe 1 | morts 76 | eps 1.00
step  159500 | wellbeing 0.155 | wm_loss 1.9020 | td 0.0000 | planner 0.00 | seuil None | eau 2 | bouffe 0 | morts 77 | eps 1.00
step  160000 | wellbeing 0.166 | wm_loss 1.9692 | td 0.0000 | planner 0.00 | seuil None | eau 1 | bouffe 2 | morts 78 | eps 1.00
step  160500 | wellbeing 0.106 | wm_loss 1.8718 | td 0.0000 | planner 0.00 | seuil None | eau 3 | bouffe 3 | morts 78 | eps 1.00
step  161000 | wellbeing 0.000 | wm_loss 1.9406 | td 0.0000 | planner 0.00 | seuil None | eau 1 | bouffe 0 | morts 78 | eps 1.00
step  161500 | wellbeing 0.000 | wm_loss 1.8963 | td 0.0000 | planner 0.00 | seuil None | eau 0 | bouffe 0 | morts 78 | eps 1.00
step  162000 | wellbeing 0.000 | wm_loss 1.9282 | td 0.0000 | planner 0.00 | seuil None | eau 0 | bouffe 1 | morts 78 | eps 1.00
step  162500 | wellbeing 0.000 | wm_loss 1.8973 | td 0.0000 | planner 0.00 | seuil None | eau 0 | bouffe 0 | morts 78 | eps 1.00
step  163000 | wellbeing 0.000 | wm_loss 1.9489 | td 0.0000 | planner 0.00 | seuil None | eau 0 | bouffe 0 | morts 78 | eps 1.00
step  163500 | wellbeing 0.000 | wm_loss 1.9206 | td 0.0000 | planner 0.00 | seuil None | eau 0 | bouffe 0 | morts 78 | eps 1.00
step  164000 | wellbeing 0.000 | wm_loss 1.9245 | td 0.0000 | planner 0.00 | seuil None | eau 0 | bouffe 0 | morts 78 | eps 1.00
step  164500 | wellbeing 0.000 | wm_loss 1.9192 | td 0.0000 | planner 0.00 | seuil None | eau 0 | bouffe 0 | morts 78 | eps 1.00
step  165000 | wellbeing 0.000 | wm_loss 1.9225 | td 0.0000 | planner 0.00 | seuil None | eau 0 | bouffe 0 | morts 78 | eps 1.00
step  165500 | wellbeing 0.000 | wm_loss 1.9285 | td 0.0000 | planner 0.00 | seuil None | eau 0 | bouffe 0 | morts 78 | eps 1.00
step  166000 | wellbeing 0.000 | wm_loss 1.9067 | td 0.0000 | planner 0.00 | seuil None | eau 0 | bouffe 0 | morts 78 | eps 1.00
step  166500 | wellbeing 0.155 | wm_loss 1.9804 | td 0.0000 | planner 0.00 | seuil None | eau 2 | bouffe 1 | morts 79 | eps 1.00
step  167000 | wellbeing 0.188 | wm_loss 1.8795 | td 0.0000 | planner 0.00 | seuil None | eau 3 | bouffe 0 | morts 80 | eps 1.00
step  167500 | wellbeing 0.303 | wm_loss 1.9288 | td 0.0000 | planner 0.00 | seuil None | eau 1 | bouffe 0 | morts 82 | eps 1.00
step  168000 | wellbeing 0.300 | wm_loss 1.8928 | td 0.0000 | planner 0.00 | seuil None | eau 1 | bouffe 2 | morts 83 | eps 1.00
step  168500 | wellbeing 0.082 | wm_loss 1.8774 | td 0.0000 | planner 0.00 | seuil None | eau 0 | bouffe 1 | morts 84 | eps 1.00
step  169000 | wellbeing 0.074 | wm_loss 1.8807 | td 0.0000 | planner 0.00 | seuil None | eau 1 | bouffe 0 | morts 84 | eps 1.00
step  169500 | wellbeing 0.156 | wm_loss 1.9372 | td 0.0000 | planner 0.00 | seuil None | eau 1 | bouffe 0 | morts 85 | eps 1.00
step  170000 | wellbeing 0.000 | wm_loss 1.9069 | td 0.0000 | planner 0.00 | seuil None | eau 1 | bouffe 0 | morts 85 | eps 1.00
step  170500 | wellbeing 0.274 | wm_loss 1.8897 | td 0.0000 | planner 0.00 | seuil None | eau 2 | bouffe 2 | morts 86 | eps 1.00
step  171000 | wellbeing 0.146 | wm_loss 1.9420 | td 0.0000 | planner 0.00 | seuil None | eau 0 | bouffe 4 | morts 87 | eps 1.00
step  171500 | wellbeing 0.168 | wm_loss 1.9190 | td 0.0000 | planner 0.00 | seuil None | eau 0 | bouffe 0 | morts 88 | eps 1.00
step  172000 | wellbeing 0.285 | wm_loss 1.9520 | td 0.0000 | planner 0.00 | seuil None | eau 2 | bouffe 3 | morts 89 | eps 1.00
step  172500 | wellbeing 0.228 | wm_loss 1.9429 | td 0.0000 | planner 0.00 | seuil None | eau 1 | bouffe 1 | morts 91 | eps 1.00
step  173000 | wellbeing 0.245 | wm_loss 1.9250 | td 0.0000 | planner 0.00 | seuil None | eau 1 | bouffe 2 | morts 92 | eps 1.00
step  173500 | wellbeing 0.325 | wm_loss 1.9428 | td 0.0000 | planner 0.00 | seuil None | eau 2 | bouffe 1 | morts 94 | eps 1.00
step  174000 | wellbeing 0.158 | wm_loss 1.8930 | td 0.0000 | planner 0.00 | seuil None | eau 1 | bouffe 1 | morts 95 | eps 1.00
step  174500 | wellbeing 0.325 | wm_loss 1.8992 | td 0.0000 | planner 0.00 | seuil None | eau 2 | bouffe 1 | morts 97 | eps 1.00
step  175000 | wellbeing 0.336 | wm_loss 1.9185 | td 0.0000 | planner 0.00 | seuil None | eau 1 | bouffe 0 | morts 99 | eps 1.00
step  175500 | wellbeing 0.016 | wm_loss 1.9307 | td 0.0000 | planner 0.00 | seuil None | eau 2 | bouffe 1 | morts 99 | eps 1.00
step  176000 | wellbeing 0.190 | wm_loss 1.9528 | td 0.0000 | planner 0.00 | seuil None | eau 1 | bouffe 3 | morts 100 | eps 1.00
step  176500 | wellbeing 0.343 | wm_loss 1.9391 | td 0.0000 | planner 0.00 | seuil None | eau 1 | bouffe 3 | morts 102 | eps 1.00
step  177000 | wellbeing 0.196 | wm_loss 1.9577 | td 0.0000 | planner 0.00 | seuil None | eau 3 | bouffe 3 | morts 103 | eps 1.00
step  177500 | wellbeing 0.000 | wm_loss 1.9611 | td 0.0000 | planner 0.00 | seuil None | eau 1 | bouffe 2 | morts 103 | eps 1.00
step  178000 | wellbeing 0.000 | wm_loss 1.9441 | td 0.0000 | planner 0.00 | seuil None | eau 2 | bouffe 0 | morts 103 | eps 1.00
step  178500 | wellbeing 0.160 | wm_loss 1.9420 | td 0.0000 | planner 0.00 | seuil None | eau 2 | bouffe 2 | morts 104 | eps 1.00
step  179000 | wellbeing 0.000 | wm_loss 1.9390 | td 0.0000 | planner 0.00 | seuil None | eau 2 | bouffe 2 | morts 104 | eps 1.00
step  179500 | wellbeing 0.293 | wm_loss 1.8918 | td 0.0000 | planner 0.00 | seuil None | eau 3 | bouffe 1 | morts 105 | eps 1.00
step  180000 | wellbeing 0.314 | wm_loss 1.9060 | td 0.0000 | planner 0.00 | seuil None | eau 0 | bouffe 1 | morts 107 | eps 1.00
step  180500 | wellbeing 0.000 | wm_loss 1.9450 | td 0.0000 | planner 0.00 | seuil None | eau 1 | bouffe 4 | morts 107 | eps 1.00
step  181000 | wellbeing 0.000 | wm_loss 1.9546 | td 0.0000 | planner 0.00 | seuil None | eau 2 | bouffe 1 | morts 107 | eps 1.00
step  181500 | wellbeing 0.142 | wm_loss 1.9146 | td 0.0000 | planner 0.00 | seuil None | eau 2 | bouffe 3 | morts 108 | eps 1.00
step  182000 | wellbeing 0.194 | wm_loss 1.9045 | td 0.0000 | planner 0.00 | seuil None | eau 2 | bouffe 2 | morts 109 | eps 1.00
step  182500 | wellbeing 0.195 | wm_loss 1.9119 | td 0.0000 | planner 0.00 | seuil None | eau 1 | bouffe 1 | morts 110 | eps 1.00
step  183000 | wellbeing 0.311 | wm_loss 1.9014 | td 0.0000 | planner 0.00 | seuil None | eau 0 | bouffe 1 | morts 112 | eps 1.00
step  183500 | wellbeing 0.153 | wm_loss 1.9569 | td 0.0000 | planner 0.00 | seuil None | eau 1 | bouffe 3 | morts 113 | eps 1.00
step  184000 | wellbeing 0.179 | wm_loss 1.9060 | td 0.0000 | planner 0.00 | seuil None | eau 4 | bouffe 0 | morts 114 | eps 1.00
step  184500 | wellbeing 0.237 | wm_loss 1.9296 | td 0.0000 | planner 0.00 | seuil None | eau 4 | bouffe 2 | morts 115 | eps 1.00
step  185000 | wellbeing 0.184 | wm_loss 1.9601 | td 0.0000 | planner 0.00 | seuil None | eau 0 | bouffe 3 | morts 116 | eps 1.00
step  185500 | wellbeing 0.298 | wm_loss 1.8953 | td 0.0000 | planner 0.00 | seuil None | eau 0 | bouffe 2 | morts 118 | eps 1.00
step  186000 | wellbeing 0.012 | wm_loss 1.9307 | td 0.0000 | planner 0.00 | seuil None | eau 0 | bouffe 0 | morts 118 | eps 1.00
step  186500 | wellbeing 0.000 | wm_loss 1.9296 | td 0.0000 | planner 0.00 | seuil None | eau 1 | bouffe 1 | morts 118 | eps 1.00
step  187000 | wellbeing 0.000 | wm_loss 1.9280 | td 0.0000 | planner 0.00 | seuil None | eau 0 | bouffe 1 | morts 118 | eps 1.00
step  187500 | wellbeing 0.000 | wm_loss 1.9163 | td 0.0000 | planner 0.00 | seuil None | eau 0 | bouffe 2 | morts 118 | eps 1.00
step  188000 | wellbeing 0.005 | wm_loss 1.8997 | td 0.0000 | planner 0.00 | seuil None | eau 1 | bouffe 1 | morts 118 | eps 1.00
step  188500 | wellbeing 0.256 | wm_loss 1.9404 | td 0.0000 | planner 0.00 | seuil None | eau 2 | bouffe 3 | morts 119 | eps 1.00
step  189000 | wellbeing 0.215 | wm_loss 1.8904 | td 0.0000 | planner 0.00 | seuil None | eau 3 | bouffe 2 | morts 120 | eps 1.00
step  189500 | wellbeing 0.015 | wm_loss 1.9452 | td 0.0000 | planner 0.00 | seuil None | eau 4 | bouffe 3 | morts 120 | eps 1.00
step  190000 | wellbeing 0.058 | wm_loss 1.9530 | td 0.0000 | planner 0.00 | seuil None | eau 0 | bouffe 2 | morts 121 | eps 1.00
step  190500 | wellbeing 0.288 | wm_loss 1.9315 | td 0.0000 | planner 0.00 | seuil None | eau 1 | bouffe 2 | morts 122 | eps 1.00
step  191000 | wellbeing 0.172 | wm_loss 1.8885 | td 0.0000 | planner 0.00 | seuil None | eau 2 | bouffe 2 | morts 123 | eps 1.00
step  191500 | wellbeing 0.002 | wm_loss 1.9234 | td 0.0000 | planner 0.00 | seuil None | eau 5 | bouffe 1 | morts 123 | eps 1.00
step  192000 | wellbeing 0.158 | wm_loss 1.9487 | td 0.0000 | planner 0.00 | seuil None | eau 2 | bouffe 1 | morts 124 | eps 1.00
step  192500 | wellbeing 0.033 | wm_loss 1.8924 | td 0.0000 | planner 0.00 | seuil None | eau 6 | bouffe 2 | morts 124 | eps 1.00
step  193000 | wellbeing 0.165 | wm_loss 1.9456 | td 0.0000 | planner 0.00 | seuil None | eau 3 | bouffe 2 | morts 125 | eps 1.00
step  193500 | wellbeing 0.402 | wm_loss 1.9421 | td 0.0000 | planner 0.00 | seuil None | eau 0 | bouffe 1 | morts 128 | eps 1.00
step  194000 | wellbeing 0.064 | wm_loss 1.9341 | td 0.0000 | planner 0.00 | seuil None | eau 1 | bouffe 2 | morts 128 | eps 1.00
step  194500 | wellbeing 0.031 | wm_loss 1.9250 | td 0.0000 | planner 0.00 | seuil None | eau 1 | bouffe 3 | morts 128 | eps 1.00
step  195000 | wellbeing 0.168 | wm_loss 1.9214 | td 0.0000 | planner 0.00 | seuil None | eau 1 | bouffe 1 | morts 129 | eps 1.00
step  195500 | wellbeing 0.155 | wm_loss 1.9417 | td 0.0000 | planner 0.00 | seuil None | eau 1 | bouffe 0 | morts 130 | eps 1.00
step  196000 | wellbeing 0.000 | wm_loss 1.9336 | td 0.0000 | planner 0.00 | seuil None | eau 2 | bouffe 0 | morts 130 | eps 1.00
step  196500 | wellbeing 0.000 | wm_loss 1.9741 | td 0.0000 | planner 0.00 | seuil None | eau 3 | bouffe 0 | morts 130 | eps 1.00
step  197000 | wellbeing 0.000 | wm_loss 1.9628 | td 0.0000 | planner 0.00 | seuil None | eau 2 | bouffe 1 | morts 130 | eps 1.00
step  197500 | wellbeing 0.000 | wm_loss 1.9466 | td 0.0000 | planner 0.00 | seuil None | eau 1 | bouffe 1 | morts 130 | eps 1.00
step  198000 | wellbeing 0.008 | wm_loss 1.9661 | td 0.0000 | planner 0.00 | seuil None | eau 2 | bouffe 3 | morts 130 | eps 1.00
step  198500 | wellbeing 0.000 | wm_loss 1.9435 | td 0.0000 | planner 0.00 | seuil None | eau 3 | bouffe 0 | morts 130 | eps 1.00
step  199000 | wellbeing 0.000 | wm_loss 1.8985 | td 0.0000 | planner 0.00 | seuil None | eau 2 | bouffe 1 | morts 130 | eps 1.00
step  199500 | wellbeing 0.000 | wm_loss 1.9114 | td 0.0000 | planner 0.00 | seuil None | eau 1 | bouffe 2 | morts 130 | eps 1.00
step  200000 | wellbeing 0.158 | wm_loss 1.9457 | td 0.0000 | planner 0.00 | seuil None | eau 2 | bouffe 3 | morts 131 | eps 1.00
  cerveau sauvegardé → runs/fouloide_online_seed1/checkpoint_online.pt
step  200500 | wellbeing 0.038 | wm_loss 1.9479 | td 0.0000 | planner 0.00 | seuil None | eau 1 | bouffe 2 | morts 131 | eps 1.00
step  201000 | wellbeing 0.000 | wm_loss 1.9436 | td 0.0000 | planner 0.00 | seuil None | eau 0 | bouffe 4 | morts 131 | eps 1.00
step  201500 | wellbeing 0.000 | wm_loss 1.8996 | td 0.0000 | planner 0.00 | seuil None | eau 1 | bouffe 1 | morts 131 | eps 1.00
step  202000 | wellbeing 0.000 | wm_loss 1.9203 | td 0.0000 | planner 0.00 | seuil None | eau 0 | bouffe 3 | morts 131 | eps 1.00
step  202500 | wellbeing 0.000 | wm_loss 1.9281 | td 0.0000 | planner 0.00 | seuil None | eau 0 | bouffe 2 | morts 131 | eps 1.00
step  203000 | wellbeing 0.000 | wm_loss 1.9385 | td 0.0000 | planner 0.00 | seuil None | eau 1 | bouffe 0 | morts 131 | eps 1.00
step  203500 | wellbeing 0.000 | wm_loss 1.9543 | td 0.0000 | planner 0.00 | seuil None | eau 1 | bouffe 2 | morts 131 | eps 1.00
step  204000 | wellbeing 0.000 | wm_loss 1.9570 | td 0.0000 | planner 0.00 | seuil None | eau 0 | bouffe 3 | morts 131 | eps 1.00
step  204500 | wellbeing 0.014 | wm_loss 1.9472 | td 0.0000 | planner 0.00 | seuil None | eau 1 | bouffe 3 | morts 131 | eps 1.00
step  205000 | wellbeing 0.000 | wm_loss 1.9795 | td 0.0000 | planner 0.00 | seuil None | eau 0 | bouffe 4 | morts 131 | eps 1.00
step  205500 | wellbeing 0.008 | wm_loss 1.9301 | td 0.0000 | planner 0.00 | seuil None | eau 2 | bouffe 3 | morts 131 | eps 1.00
step  206000 | wellbeing 0.000 | wm_loss 1.9228 | td 0.0000 | planner 0.00 | seuil None | eau 1 | bouffe 1 | morts 131 | eps 1.00
step  206500 | wellbeing 0.000 | wm_loss 1.9377 | td 0.0000 | planner 0.00 | seuil None | eau 1 | bouffe 3 | morts 131 | eps 1.00
step  207000 | wellbeing 0.000 | wm_loss 1.8860 | td 0.0000 | planner 0.00 | seuil None | eau 1 | bouffe 3 | morts 131 | eps 1.00
step  207500 | wellbeing 0.000 | wm_loss 1.9461 | td 0.0000 | planner 0.00 | seuil None | eau 0 | bouffe 3 | morts 131 | eps 1.00
step  208000 | wellbeing 0.000 | wm_loss 1.9343 | td 0.0000 | planner 0.00 | seuil None | eau 0 | bouffe 3 | morts 131 | eps 1.00
step  208500 | wellbeing 0.004 | wm_loss 1.9634 | td 0.0000 | planner 0.00 | seuil None | eau 2 | bouffe 3 | morts 131 | eps 1.00
step  209000 | wellbeing 0.000 | wm_loss 1.9286 | td 0.0000 | planner 0.00 | seuil None | eau 1 | bouffe 2 | morts 131 | eps 1.00
step  209500 | wellbeing 0.000 | wm_loss 1.9341 | td 0.0000 | planner 0.00 | seuil None | eau 2 | bouffe 1 | morts 131 | eps 1.00
step  210000 | wellbeing 0.000 | wm_loss 1.9652 | td 0.0000 | planner 0.00 | seuil None | eau 1 | bouffe 1 | morts 131 | eps 1.00
step  210500 | wellbeing 0.000 | wm_loss 1.9196 | td 0.0000 | planner 0.00 | seuil None | eau 0 | bouffe 2 | morts 131 | eps 1.00
step  211000 | wellbeing 0.000 | wm_loss 1.9329 | td 0.0000 | planner 0.00 | seuil None | eau 0 | bouffe 4 | morts 131 | eps 1.00
step  211500 | wellbeing 0.000 | wm_loss 1.9472 | td 0.0000 | planner 0.00 | seuil None | eau 1 | bouffe 0 | morts 131 | eps 1.00
step  212000 | wellbeing 0.000 | wm_loss 1.9441 | td 0.0000 | planner 0.00 | seuil None | eau 1 | bouffe 0 | morts 131 | eps 1.00
step  212500 | wellbeing 0.000 | wm_loss 1.9460 | td 0.0000 | planner 0.00 | seuil None | eau 0 | bouffe 0 | morts 131 | eps 1.00
step  213000 | wellbeing 0.000 | wm_loss 1.9688 | td 0.0000 | planner 0.00 | seuil None | eau 1 | bouffe 0 | morts 131 | eps 1.00
step  213500 | wellbeing 0.000 | wm_loss 1.9571 | td 0.0000 | planner 0.00 | seuil None | eau 0 | bouffe 0 | morts 131 | eps 1.00
step  214000 | wellbeing 0.000 | wm_loss 1.9069 | td 0.0000 | planner 0.00 | seuil None | eau 1 | bouffe 0 | morts 131 | eps 1.00
step  214500 | wellbeing 0.000 | wm_loss 1.9418 | td 0.0000 | planner 0.00 | seuil None | eau 1 | bouffe 0 | morts 131 | eps 1.00
step  215000 | wellbeing 0.000 | wm_loss 1.9531 | td 0.0000 | planner 0.00 | seuil None | eau 0 | bouffe 0 | morts 131 | eps 1.00
step  215500 | wellbeing 0.195 | wm_loss 1.9334 | td 0.0000 | planner 0.00 | seuil None | eau 1 | bouffe 2 | morts 132 | eps 1.00
step  216000 | wellbeing 0.155 | wm_loss 1.9273 | td 0.0000 | planner 0.00 | seuil None | eau 1 | bouffe 1 | morts 133 | eps 1.00
step  216500 | wellbeing 0.000 | wm_loss 1.9506 | td 0.0000 | planner 0.00 | seuil None | eau 1 | bouffe 4 | morts 133 | eps 1.00
step  217000 | wellbeing 0.310 | wm_loss 1.9138 | td 0.0000 | planner 0.00 | seuil None | eau 1 | bouffe 1 | morts 135 | eps 1.00
step  217500 | wellbeing 0.004 | wm_loss 1.9406 | td 0.0000 | planner 0.00 | seuil None | eau 0 | bouffe 0 | morts 135 | eps 1.00
step  218000 | wellbeing 0.155 | wm_loss 1.9657 | td 0.0000 | planner 0.00 | seuil None | eau 1 | bouffe 0 | morts 136 | eps 1.00
step  218500 | wellbeing 0.121 | wm_loss 1.9672 | td 0.0000 | planner 0.00 | seuil None | eau 1 | bouffe 2 | morts 137 | eps 1.00
step  219000 | wellbeing 0.033 | wm_loss 1.9525 | td 0.0000 | planner 0.00 | seuil None | eau 0 | bouffe 3 | morts 137 | eps 1.00
step  219500 | wellbeing 0.000 | wm_loss 1.9482 | td 0.0000 | planner 0.00 | seuil None | eau 0 | bouffe 0 | morts 137 | eps 1.00
step  220000 | wellbeing 0.000 | wm_loss 1.9464 | td 0.0000 | planner 0.00 | seuil None | eau 0 | bouffe 0 | morts 137 | eps 1.00
step  220500 | wellbeing 0.000 | wm_loss 1.9745 | td 0.0000 | planner 0.00 | seuil None | eau 1 | bouffe 0 | morts 137 | eps 1.00
step  221000 | wellbeing 0.000 | wm_loss 1.9553 | td 0.0000 | planner 0.00 | seuil None | eau 0 | bouffe 0 | morts 137 | eps 1.00
step  221500 | wellbeing 0.250 | wm_loss 1.9816 | td 0.0000 | planner 0.00 | seuil None | eau 3 | bouffe 3 | morts 138 | eps 1.00
step  222000 | wellbeing 0.042 | wm_loss 1.9698 | td 0.0000 | planner 0.00 | seuil None | eau 3 | bouffe 2 | morts 138 | eps 1.00
step  222500 | wellbeing 0.305 | wm_loss 1.9644 | td 0.0000 | planner 0.00 | seuil None | eau 1 | bouffe 0 | morts 140 | eps 1.00
step  223000 | wellbeing 0.161 | wm_loss 1.9727 | td 0.0000 | planner 0.00 | seuil None | eau 0 | bouffe 1 | morts 141 | eps 1.00
step  223500 | wellbeing 0.000 | wm_loss 1.9813 | td 0.0000 | planner 0.00 | seuil None | eau 0 | bouffe 1 | morts 141 | eps 1.00
step  224000 | wellbeing 0.311 | wm_loss 1.9583 | td 0.0000 | planner 0.00 | seuil None | eau 0 | bouffe 3 | morts 143 | eps 1.00
step  224500 | wellbeing 0.160 | wm_loss 1.9933 | td 0.0000 | planner 0.00 | seuil None | eau 1 | bouffe 1 | morts 144 | eps 1.00
step  225000 | wellbeing 0.312 | wm_loss 1.9413 | td 0.0000 | planner 0.00 | seuil None | eau 0 | bouffe 1 | morts 146 | eps 1.00
step  225500 | wellbeing 0.155 | wm_loss 1.9234 | td 0.0000 | planner 0.00 | seuil None | eau 0 | bouffe 4 | morts 147 | eps 1.00
step  226000 | wellbeing 0.000 | wm_loss 1.9612 | td 0.0000 | planner 0.00 | seuil None | eau 0 | bouffe 0 | morts 147 | eps 1.00
step  226500 | wellbeing 0.209 | wm_loss 1.9597 | td 0.0000 | planner 0.00 | seuil None | eau 2 | bouffe 2 | morts 148 | eps 1.00
step  227000 | wellbeing 0.181 | wm_loss 1.9733 | td 0.0000 | planner 0.00 | seuil None | eau 3 | bouffe 0 | morts 149 | eps 1.00
step  227500 | wellbeing 0.157 | wm_loss 2.0094 | td 0.0000 | planner 0.00 | seuil None | eau 0 | bouffe 1 | morts 150 | eps 1.00
step  228000 | wellbeing 0.158 | wm_loss 1.9800 | td 0.0000 | planner 0.00 | seuil None | eau 0 | bouffe 2 | morts 151 | eps 1.00
step  228500 | wellbeing 0.183 | wm_loss 1.9640 | td 0.0000 | planner 0.00 | seuil None | eau 1 | bouffe 2 | morts 152 | eps 1.00
step  229000 | wellbeing 0.155 | wm_loss 1.9604 | td 0.0000 | planner 0.00 | seuil None | eau 0 | bouffe 0 | morts 153 | eps 1.00
step  229500 | wellbeing 0.204 | wm_loss 1.9948 | td 0.0000 | planner 0.00 | seuil None | eau 1 | bouffe 2 | morts 154 | eps 1.00
step  230000 | wellbeing 0.152 | wm_loss 1.9943 | td 0.0000 | planner 0.00 | seuil None | eau 2 | bouffe 0 | morts 155 | eps 1.00
step  230500 | wellbeing 0.014 | wm_loss 2.0072 | td 0.0000 | planner 0.00 | seuil None | eau 3 | bouffe 1 | morts 155 | eps 1.00
step  231000 | wellbeing 0.000 | wm_loss 1.9940 | td 0.0000 | planner 0.00 | seuil None | eau 0 | bouffe 2 | morts 155 | eps 1.00
step  231500 | wellbeing 0.000 | wm_loss 1.9774 | td 0.0000 | planner 0.00 | seuil None | eau 1 | bouffe 0 | morts 155 | eps 1.00
step  232000 | wellbeing 0.000 | wm_loss 1.9876 | td 0.0000 | planner 0.00 | seuil None | eau 1 | bouffe 0 | morts 155 | eps 1.00
step  232500 | wellbeing 0.000 | wm_loss 1.9530 | td 0.0000 | planner 0.00 | seuil None | eau 2 | bouffe 1 | morts 155 | eps 1.00
step  233000 | wellbeing 0.000 | wm_loss 1.9990 | td 0.0000 | planner 0.00 | seuil None | eau 2 | bouffe 0 | morts 155 | eps 1.00
step  233500 | wellbeing 0.000 | wm_loss 1.9585 | td 0.0000 | planner 0.00 | seuil None | eau 0 | bouffe 1 | morts 155 | eps 1.00
step  234000 | wellbeing 0.143 | wm_loss 1.9631 | td 0.0000 | planner 0.00 | seuil None | eau 0 | bouffe 0 | morts 156 | eps 1.00
step  234500 | wellbeing 0.000 | wm_loss 2.0137 | td 0.0000 | planner 0.00 | seuil None | eau 1 | bouffe 1 | morts 156 | eps 1.00
step  235000 | wellbeing 0.365 | wm_loss 2.0029 | td 0.0000 | planner 0.00 | seuil None | eau 1 | bouffe 1 | morts 158 | eps 1.00
step  235500 | wellbeing 0.209 | wm_loss 1.9744 | td 0.0000 | planner 0.00 | seuil None | eau 3 | bouffe 1 | morts 159 | eps 1.00
step  236000 | wellbeing 0.159 | wm_loss 1.9935 | td 0.0000 | planner 0.00 | seuil None | eau 1 | bouffe 1 | morts 160 | eps 1.00
step  236500 | wellbeing 0.313 | wm_loss 2.0093 | td 0.0000 | planner 0.00 | seuil None | eau 0 | bouffe 2 | morts 162 | eps 1.00
step  237000 | wellbeing 0.000 | wm_loss 1.9397 | td 0.0000 | planner 0.00 | seuil None | eau 0 | bouffe 1 | morts 162 | eps 1.00
step  237500 | wellbeing 0.159 | wm_loss 1.9973 | td 0.0000 | planner 0.00 | seuil None | eau 1 | bouffe 2 | morts 163 | eps 1.00
step  238000 | wellbeing 0.155 | wm_loss 1.9589 | td 0.0000 | planner 0.00 | seuil None | eau 1 | bouffe 2 | morts 164 | eps 1.00
step  238500 | wellbeing 0.035 | wm_loss 1.9213 | td 0.0000 | planner 0.00 | seuil None | eau 2 | bouffe 1 | morts 164 | eps 1.00
step  239000 | wellbeing 0.000 | wm_loss 1.9504 | td 0.0000 | planner 0.00 | seuil None | eau 1 | bouffe 0 | morts 164 | eps 1.00
step  239500 | wellbeing 0.000 | wm_loss 2.0504 | td 0.0000 | planner 0.00 | seuil None | eau 1 | bouffe 1 | morts 164 | eps 1.00
step  240000 | wellbeing 0.000 | wm_loss 1.9841 | td 0.0000 | planner 0.00 | seuil None | eau 0 | bouffe 0 | morts 164 | eps 1.00
step  240500 | wellbeing 0.000 | wm_loss 1.9570 | td 0.0000 | planner 0.00 | seuil None | eau 0 | bouffe 0 | morts 164 | eps 1.00
step  241000 | wellbeing 0.000 | wm_loss 2.0334 | td 0.0000 | planner 0.00 | seuil None | eau 0 | bouffe 0 | morts 164 | eps 1.00
step  241500 | wellbeing 0.000 | wm_loss 2.0119 | td 0.0000 | planner 0.00 | seuil None | eau 1 | bouffe 0 | morts 164 | eps 1.00
step  242000 | wellbeing 0.000 | wm_loss 2.0599 | td 0.0000 | planner 0.00 | seuil None | eau 0 | bouffe 0 | morts 164 | eps 1.00
step  242500 | wellbeing 0.000 | wm_loss 1.9728 | td 0.0000 | planner 0.00 | seuil None | eau 1 | bouffe 0 | morts 164 | eps 1.00
step  243000 | wellbeing 0.000 | wm_loss 2.0186 | td 0.0000 | planner 0.00 | seuil None | eau 0 | bouffe 0 | morts 164 | eps 1.00
step  243500 | wellbeing 0.000 | wm_loss 2.0492 | td 0.0000 | planner 0.00 | seuil None | eau 1 | bouffe 0 | morts 164 | eps 1.00
step  244000 | wellbeing 0.000 | wm_loss 1.9719 | td 0.0000 | planner 0.00 | seuil None | eau 0 | bouffe 0 | morts 164 | eps 1.00
step  244500 | wellbeing 0.000 | wm_loss 2.0083 | td 0.0000 | planner 0.00 | seuil None | eau 1 | bouffe 0 | morts 164 | eps 1.00
step  245000 | wellbeing 0.000 | wm_loss 2.0186 | td 0.0000 | planner 0.00 | seuil None | eau 0 | bouffe 0 | morts 164 | eps 1.00
step  245500 | wellbeing 0.000 | wm_loss 2.0073 | td 0.0000 | planner 0.00 | seuil None | eau 0 | bouffe 0 | morts 164 | eps 1.00
step  246000 | wellbeing 0.000 | wm_loss 2.0358 | td 0.0000 | planner 0.00 | seuil None | eau 2 | bouffe 0 | morts 164 | eps 1.00
step  246500 | wellbeing 0.000 | wm_loss 2.0471 | td 0.0000 | planner 0.00 | seuil None | eau 1 | bouffe 0 | morts 164 | eps 1.00
step  247000 | wellbeing 0.000 | wm_loss 2.0208 | td 0.0000 | planner 0.00 | seuil None | eau 0 | bouffe 0 | morts 164 | eps 1.00
step  247500 | wellbeing 0.000 | wm_loss 2.0584 | td 0.0000 | planner 0.00 | seuil None | eau 0 | bouffe 2 | morts 164 | eps 1.00
step  248000 | wellbeing 0.362 | wm_loss 1.9867 | td 0.0000 | planner 0.00 | seuil None | eau 3 | bouffe 0 | morts 166 | eps 1.00
step  248500 | wellbeing 0.170 | wm_loss 2.0226 | td 0.0000 | planner 0.00 | seuil None | eau 2 | bouffe 0 | morts 167 | eps 1.00
step  249000 | wellbeing 0.000 | wm_loss 2.0095 | td 0.0000 | planner 0.00 | seuil None | eau 1 | bouffe 1 | morts 167 | eps 1.00
step  249500 | wellbeing 0.205 | wm_loss 1.9992 | td 0.0000 | planner 0.00 | seuil None | eau 1 | bouffe 0 | morts 168 | eps 1.00
step  250000 | wellbeing 0.000 | wm_loss 2.0330 | td 0.0000 | planner 0.00 | seuil None | eau 1 | bouffe 2 | morts 168 | eps 1.00
  cerveau sauvegardé → runs/fouloide_online_seed1/checkpoint_online.pt
step  250500 | wellbeing 0.000 | wm_loss 1.9715 | td 0.0000 | planner 0.00 | seuil None | eau 0 | bouffe 0 | morts 168 | eps 1.00
step  251000 | wellbeing 0.000 | wm_loss 2.0296 | td 0.0000 | planner 0.00 | seuil None | eau 0 | bouffe 1 | morts 168 | eps 1.00
step  251500 | wellbeing 0.000 | wm_loss 1.9897 | td 0.0000 | planner 0.00 | seuil None | eau 0 | bouffe 0 | morts 168 | eps 1.00
step  252000 | wellbeing 0.000 | wm_loss 2.0234 | td 0.0000 | planner 0.00 | seuil None | eau 0 | bouffe 1 | morts 168 | eps 1.00
step  252500 | wellbeing 0.000 | wm_loss 2.0300 | td 0.0000 | planner 0.00 | seuil None | eau 0 | bouffe 0 | morts 168 | eps 1.00
step  253000 | wellbeing 0.000 | wm_loss 2.0739 | td 0.0000 | planner 0.00 | seuil None | eau 2 | bouffe 0 | morts 168 | eps 1.00
step  253500 | wellbeing 0.000 | wm_loss 2.0069 | td 0.0000 | planner 0.00 | seuil None | eau 0 | bouffe 1 | morts 168 | eps 1.00
step  254000 | wellbeing 0.000 | wm_loss 2.0532 | td 0.0000 | planner 0.00 | seuil None | eau 0 | bouffe 0 | morts 168 | eps 1.00
step  254500 | wellbeing 0.000 | wm_loss 2.0335 | td 0.0000 | planner 0.00 | seuil None | eau 0 | bouffe 0 | morts 168 | eps 1.00
step  255000 | wellbeing 0.000 | wm_loss 2.0319 | td 0.0000 | planner 0.00 | seuil None | eau 1 | bouffe 1 | morts 168 | eps 1.00
step  255500 | wellbeing 0.000 | wm_loss 2.0118 | td 0.0000 | planner 0.00 | seuil None | eau 0 | bouffe 1 | morts 168 | eps 1.00
step  256000 | wellbeing 0.000 | wm_loss 2.0652 | td 0.0000 | planner 0.00 | seuil None | eau 0 | bouffe 0 | morts 168 | eps 1.00
step  256500 | wellbeing 0.000 | wm_loss 2.0271 | td 0.0000 | planner 0.00 | seuil None | eau 3 | bouffe 0 | morts 168 | eps 1.00
step  257000 | wellbeing 0.000 | wm_loss 2.0815 | td 0.0000 | planner 0.00 | seuil None | eau 1 | bouffe 0 | morts 168 | eps 1.00
step  257500 | wellbeing 0.000 | wm_loss 2.0430 | td 0.0000 | planner 0.00 | seuil None | eau 2 | bouffe 0 | morts 168 | eps 1.00
step  258000 | wellbeing 0.000 | wm_loss 2.0373 | td 0.0000 | planner 0.00 | seuil None | eau 1 | bouffe 2 | morts 168 | eps 1.00
step  258500 | wellbeing 0.000 | wm_loss 2.0212 | td 0.0000 | planner 0.00 | seuil None | eau 0 | bouffe 0 | morts 168 | eps 1.00
step  259000 | wellbeing 0.000 | wm_loss 2.0312 | td 0.0000 | planner 0.00 | seuil None | eau 1 | bouffe 2 | morts 168 | eps 1.00
step  259500 | wellbeing 0.000 | wm_loss 1.9947 | td 0.0000 | planner 0.00 | seuil None | eau 0 | bouffe 1 | morts 168 | eps 1.00
step  260000 | wellbeing 0.000 | wm_loss 2.0469 | td 0.0000 | planner 0.00 | seuil None | eau 0 | bouffe 0 | morts 168 | eps 1.00
step  260500 | wellbeing 0.000 | wm_loss 2.0763 | td 0.0000 | planner 0.00 | seuil None | eau 1 | bouffe 0 | morts 168 | eps 1.00
step  261000 | wellbeing 0.000 | wm_loss 2.0839 | td 0.0000 | planner 0.00 | seuil None | eau 1 | bouffe 2 | morts 168 | eps 1.00
step  261500 | wellbeing 0.000 | wm_loss 2.0215 | td 0.0000 | planner 0.00 | seuil None | eau 2 | bouffe 1 | morts 168 | eps 1.00
step  262000 | wellbeing 0.026 | wm_loss 2.0126 | td 0.0000 | planner 0.00 | seuil None | eau 1 | bouffe 2 | morts 168 | eps 1.00
step  262500 | wellbeing 0.000 | wm_loss 1.9719 | td 0.0000 | planner 0.00 | seuil None | eau 0 | bouffe 2 | morts 168 | eps 1.00
step  263000 | wellbeing 0.000 | wm_loss 2.0296 | td 0.0000 | planner 0.00 | seuil None | eau 0 | bouffe 2 | morts 168 | eps 1.00
step  263500 | wellbeing 0.000 | wm_loss 2.0093 | td 0.0000 | planner 0.00 | seuil None | eau 0 | bouffe 1 | morts 168 | eps 1.00
step  264000 | wellbeing 0.000 | wm_loss 2.0272 | td 0.0000 | planner 0.00 | seuil None | eau 0 | bouffe 1 | morts 168 | eps 1.00
step  264500 | wellbeing 0.000 | wm_loss 2.0326 | td 0.0000 | planner 0.00 | seuil None | eau 0 | bouffe 0 | morts 168 | eps 1.00
step  265000 | wellbeing 0.000 | wm_loss 2.0100 | td 0.0000 | planner 0.00 | seuil None | eau 0 | bouffe 2 | morts 168 | eps 1.00
step  265500 | wellbeing 0.000 | wm_loss 2.0366 | td 0.0000 | planner 0.00 | seuil None | eau 0 | bouffe 1 | morts 168 | eps 1.00
step  266000 | wellbeing 0.000 | wm_loss 2.0273 | td 0.0000 | planner 0.00 | seuil None | eau 0 | bouffe 2 | morts 168 | eps 1.00
step  266500 | wellbeing 0.000 | wm_loss 2.0513 | td 0.0000 | planner 0.00 | seuil None | eau 0 | bouffe 0 | morts 168 | eps 1.00
step  267000 | wellbeing 0.000 | wm_loss 2.0542 | td 0.0000 | planner 0.00 | seuil None | eau 0 | bouffe 0 | morts 168 | eps 1.00
step  267500 | wellbeing 0.000 | wm_loss 2.0081 | td 0.0000 | planner 0.00 | seuil None | eau 0 | bouffe 1 | morts 168 | eps 1.00
step  268000 | wellbeing 0.000 | wm_loss 2.0373 | td 0.0000 | planner 0.00 | seuil None | eau 0 | bouffe 0 | morts 168 | eps 1.00
step  268500 | wellbeing 0.000 | wm_loss 2.0492 | td 0.0000 | planner 0.00 | seuil None | eau 0 | bouffe 0 | morts 168 | eps 1.00
step  269000 | wellbeing 0.000 | wm_loss 2.0490 | td 0.0000 | planner 0.00 | seuil None | eau 0 | bouffe 2 | morts 168 | eps 1.00
step  269500 | wellbeing 0.000 | wm_loss 2.0192 | td 0.0000 | planner 0.00 | seuil None | eau 0 | bouffe 0 | morts 168 | eps 1.00
step  270000 | wellbeing 0.000 | wm_loss 2.0535 | td 0.0000 | planner 0.00 | seuil None | eau 0 | bouffe 0 | morts 168 | eps 1.00
step  270500 | wellbeing 0.000 | wm_loss 2.0519 | td 0.0000 | planner 0.00 | seuil None | eau 0 | bouffe 0 | morts 168 | eps 1.00
step  271000 | wellbeing 0.000 | wm_loss 2.0337 | td 0.0000 | planner 0.00 | seuil None | eau 0 | bouffe 1 | morts 168 | eps 1.00
step  271500 | wellbeing 0.000 | wm_loss 2.0243 | td 0.0000 | planner 0.00 | seuil None | eau 0 | bouffe 0 | morts 168 | eps 1.00
step  272000 | wellbeing 0.000 | wm_loss 2.0274 | td 0.0000 | planner 0.00 | seuil None | eau 0 | bouffe 0 | morts 168 | eps 1.00
step  272500 | wellbeing 0.000 | wm_loss 2.0088 | td 0.0000 | planner 0.00 | seuil None | eau 0 | bouffe 0 | morts 168 | eps 1.00
step  273000 | wellbeing 0.000 | wm_loss 2.0644 | td 0.0000 | planner 0.00 | seuil None | eau 0 | bouffe 0 | morts 168 | eps 1.00
step  273500 | wellbeing 0.000 | wm_loss 2.0002 | td 0.0000 | planner 0.00 | seuil None | eau 0 | bouffe 1 | morts 168 | eps 1.00
step  274000 | wellbeing 0.000 | wm_loss 2.1220 | td 0.0000 | planner 0.00 | seuil None | eau 0 | bouffe 0 | morts 168 | eps 1.00
step  274500 | wellbeing 0.000 | wm_loss 2.0331 | td 0.0000 | planner 0.00 | seuil None | eau 0 | bouffe 0 | morts 168 | eps 1.00
step  275000 | wellbeing 0.000 | wm_loss 2.0734 | td 0.0000 | planner 0.00 | seuil None | eau 0 | bouffe 0 | morts 168 | eps 1.00
step  275500 | wellbeing 0.000 | wm_loss 2.0881 | td 0.0000 | planner 0.00 | seuil None | eau 0 | bouffe 0 | morts 168 | eps 1.00
step  276000 | wellbeing 0.000 | wm_loss 1.9922 | td 0.0000 | planner 0.00 | seuil None | eau 0 | bouffe 0 | morts 168 | eps 1.00
step  276500 | wellbeing 0.000 | wm_loss 2.0212 | td 0.0000 | planner 0.00 | seuil None | eau 0 | bouffe 0 | morts 168 | eps 1.00
step  277000 | wellbeing 0.000 | wm_loss 2.0719 | td 0.0000 | planner 0.00 | seuil None | eau 0 | bouffe 0 | morts 168 | eps 1.00
step  277500 | wellbeing 0.000 | wm_loss 2.0521 | td 0.0000 | planner 0.00 | seuil None | eau 0 | bouffe 0 | morts 168 | eps 1.00
step  278000 | wellbeing 0.000 | wm_loss 2.0418 | td 0.0000 | planner 0.00 | seuil None | eau 0 | bouffe 0 | morts 168 | eps 1.00
step  278500 | wellbeing 0.000 | wm_loss 2.0381 | td 0.0000 | planner 0.00 | seuil None | eau 0 | bouffe 0 | morts 168 | eps 1.00
step  279000 | wellbeing 0.000 | wm_loss 2.0641 | td 0.0000 | planner 0.00 | seuil None | eau 0 | bouffe 0 | morts 168 | eps 1.00
step  279500 | wellbeing 0.000 | wm_loss 2.0813 | td 0.0000 | planner 0.00 | seuil None | eau 0 | bouffe 0 | morts 168 | eps 1.00
step  280000 | wellbeing 0.000 | wm_loss 2.0419 | td 0.0000 | planner 0.00 | seuil None | eau 0 | bouffe 0 | morts 168 | eps 1.00
step  280500 | wellbeing 0.000 | wm_loss 2.0207 | td 0.0000 | planner 0.00 | seuil None | eau 0 | bouffe 0 | morts 168 | eps 1.00
step  281000 | wellbeing 0.000 | wm_loss 2.0546 | td 0.0000 | planner 0.00 | seuil None | eau 0 | bouffe 0 | morts 168 | eps 1.00
step  281500 | wellbeing 0.000 | wm_loss 2.0535 | td 0.0000 | planner 0.00 | seuil None | eau 0 | bouffe 0 | morts 168 | eps 1.00
step  282000 | wellbeing 0.000 | wm_loss 2.0117 | td 0.0000 | planner 0.00 | seuil None | eau 0 | bouffe 0 | morts 168 | eps 1.00
step  282500 | wellbeing 0.000 | wm_loss 2.0491 | td 0.0000 | planner 0.00 | seuil None | eau 0 | bouffe 2 | morts 168 | eps 1.00
step  283000 | wellbeing 0.000 | wm_loss 2.0279 | td 0.0000 | planner 0.00 | seuil None | eau 0 | bouffe 0 | morts 168 | eps 1.00
step  283500 | wellbeing 0.000 | wm_loss 2.0290 | td 0.0000 | planner 0.00 | seuil None | eau 0 | bouffe 0 | morts 168 | eps 1.00
step  284000 | wellbeing 0.000 | wm_loss 2.0566 | td 0.0000 | planner 0.00 | seuil None | eau 0 | bouffe 0 | morts 168 | eps 1.00
step  284500 | wellbeing 0.000 | wm_loss 2.0270 | td 0.0000 | planner 0.00 | seuil None | eau 0 | bouffe 0 | morts 168 | eps 1.00
step  285000 | wellbeing 0.000 | wm_loss 2.0432 | td 0.0000 | planner 0.00 | seuil None | eau 0 | bouffe 0 | morts 168 | eps 1.00
step  285500 | wellbeing 0.000 | wm_loss 2.0465 | td 0.0000 | planner 0.00 | seuil None | eau 0 | bouffe 0 | morts 168 | eps 1.00
step  286000 | wellbeing 0.000 | wm_loss 2.0721 | td 0.0000 | planner 0.00 | seuil None | eau 0 | bouffe 0 | morts 168 | eps 1.00
step  286500 | wellbeing 0.000 | wm_loss 2.0569 | td 0.0000 | planner 0.00 | seuil None | eau 0 | bouffe 0 | morts 168 | eps 1.00
step  287000 | wellbeing 0.000 | wm_loss 2.0351 | td 0.0000 | planner 0.00 | seuil None | eau 0 | bouffe 0 | morts 168 | eps 1.00
step  287500 | wellbeing 0.000 | wm_loss 2.0196 | td 0.0000 | planner 0.00 | seuil None | eau 0 | bouffe 0 | morts 168 | eps 1.00
step  288000 | wellbeing 0.000 | wm_loss 2.0362 | td 0.0000 | planner 0.00 | seuil None | eau 0 | bouffe 1 | morts 168 | eps 1.00
step  288500 | wellbeing 0.000 | wm_loss 2.0421 | td 0.0000 | planner 0.00 | seuil None | eau 0 | bouffe 0 | morts 168 | eps 1.00
step  289000 | wellbeing 0.000 | wm_loss 2.0570 | td 0.0000 | planner 0.00 | seuil None | eau 0 | bouffe 0 | morts 168 | eps 1.00
step  289500 | wellbeing 0.000 | wm_loss 2.0326 | td 0.0000 | planner 0.00 | seuil None | eau 0 | bouffe 0 | morts 168 | eps 1.00
step  290000 | wellbeing 0.000 | wm_loss 2.0630 | td 0.0000 | planner 0.00 | seuil None | eau 0 | bouffe 0 | morts 168 | eps 1.00
step  290500 | wellbeing 0.000 | wm_loss 2.0678 | td 0.0000 | planner 0.00 | seuil None | eau 0 | bouffe 0 | morts 168 | eps 1.00
step  291000 | wellbeing 0.000 | wm_loss 2.0444 | td 0.0000 | planner 0.00 | seuil None | eau 0 | bouffe 0 | morts 168 | eps 1.00
step  291500 | wellbeing 0.000 | wm_loss 2.0096 | td 0.0000 | planner 0.00 | seuil None | eau 0 | bouffe 0 | morts 168 | eps 1.00
step  292000 | wellbeing 0.000 | wm_loss 2.0624 | td 0.0000 | planner 0.00 | seuil None | eau 0 | bouffe 0 | morts 168 | eps 1.00
step  292500 | wellbeing 0.000 | wm_loss 2.0609 | td 0.0000 | planner 0.00 | seuil None | eau 0 | bouffe 0 | morts 168 | eps 1.00
step  293000 | wellbeing 0.000 | wm_loss 2.0337 | td 0.0000 | planner 0.00 | seuil None | eau 0 | bouffe 1 | morts 168 | eps 1.00
step  293500 | wellbeing 0.000 | wm_loss 2.0498 | td 0.0000 | planner 0.00 | seuil None | eau 0 | bouffe 0 | morts 168 | eps 1.00
step  294000 | wellbeing 0.000 | wm_loss 2.0463 | td 0.0000 | planner 0.00 | seuil None | eau 0 | bouffe 0 | morts 168 | eps 1.00
step  294500 | wellbeing 0.000 | wm_loss 2.0920 | td 0.0000 | planner 0.00 | seuil None | eau 0 | bouffe 0 | morts 168 | eps 1.00
step  295000 | wellbeing 0.000 | wm_loss 2.0777 | td 0.0000 | planner 0.00 | seuil None | eau 0 | bouffe 0 | morts 168 | eps 1.00
step  295500 | wellbeing 0.000 | wm_loss 2.0638 | td 0.0000 | planner 0.00 | seuil None | eau 0 | bouffe 0 | morts 168 | eps 1.00
step  296000 | wellbeing 0.000 | wm_loss 2.0832 | td 0.0000 | planner 0.00 | seuil None | eau 0 | bouffe 0 | morts 168 | eps 1.00
step  296500 | wellbeing 0.000 | wm_loss 2.0462 | td 0.0000 | planner 0.00 | seuil None | eau 0 | bouffe 0 | morts 168 | eps 1.00
step  297000 | wellbeing 0.000 | wm_loss 2.0944 | td 0.0000 | planner 0.00 | seuil None | eau 0 | bouffe 0 | morts 168 | eps 1.00
step  297500 | wellbeing 0.000 | wm_loss 1.9798 | td 0.0000 | planner 0.00 | seuil None | eau 0 | bouffe 0 | morts 168 | eps 1.00
step  298000 | wellbeing 0.000 | wm_loss 2.0115 | td 0.0000 | planner 0.00 | seuil None | eau 0 | bouffe 0 | morts 168 | eps 1.00
step  298500 | wellbeing 0.000 | wm_loss 2.0709 | td 0.0000 | planner 0.00 | seuil None | eau 0 | bouffe 1 | morts 168 | eps 1.00
step  299000 | wellbeing 0.000 | wm_loss 2.0153 | td 0.0000 | planner 0.00 | seuil None | eau 0 | bouffe 0 | morts 168 | eps 1.00
step  299500 | wellbeing 0.000 | wm_loss 2.0893 | td 0.0000 | planner 0.00 | seuil None | eau 0 | bouffe 0 | morts 168 | eps 1.00
step  300000 | wellbeing 0.000 | wm_loss 2.0721 | td 0.0000 | planner 0.00 | seuil None | eau 0 | bouffe 0 | morts 168 | eps 1.00
  cerveau sauvegardé → runs/fouloide_online_seed1/checkpoint_online.pt
step  300500 | wellbeing 0.000 | wm_loss 2.0541 | td 0.0000 | planner 0.00 | seuil None | eau 0 | bouffe 0 | morts 168 | eps 1.00
step  301000 | wellbeing 0.000 | wm_loss 2.0692 | td 0.0000 | planner 0.00 | seuil None | eau 0 | bouffe 0 | morts 168 | eps 1.00
step  301500 | wellbeing 0.000 | wm_loss 2.0348 | td 0.0000 | planner 0.00 | seuil None | eau 0 | bouffe 0 | morts 168 | eps 1.00
step  302000 | wellbeing 0.000 | wm_loss 2.0907 | td 0.0000 | planner 0.00 | seuil None | eau 0 | bouffe 0 | morts 168 | eps 1.00
step  302500 | wellbeing 0.000 | wm_loss 2.0762 | td 0.0000 | planner 0.00 | seuil None | eau 0 | bouffe 0 | morts 168 | eps 1.00
step  303000 | wellbeing 0.000 | wm_loss 2.0612 | td 0.0000 | planner 0.00 | seuil None | eau 0 | bouffe 0 | morts 168 | eps 1.00
step  303500 | wellbeing 0.000 | wm_loss 2.0805 | td 0.0000 | planner 0.00 | seuil None | eau 0 | bouffe 0 | morts 168 | eps 1.00
step  304000 | wellbeing 0.000 | wm_loss 2.1196 | td 0.0000 | planner 0.00 | seuil None | eau 0 | bouffe 0 | morts 168 | eps 1.00
step  304500 | wellbeing 0.000 | wm_loss 2.0670 | td 0.0000 | planner 0.00 | seuil None | eau 0 | bouffe 0 | morts 168 | eps 1.00
step  305000 | wellbeing 0.000 | wm_loss 2.0666 | td 0.0000 | planner 0.00 | seuil None | eau 0 | bouffe 0 | morts 168 | eps 1.00
step  305500 | wellbeing 0.000 | wm_loss 2.0682 | td 0.0000 | planner 0.00 | seuil None | eau 0 | bouffe 0 | morts 168 | eps 1.00
step  306000 | wellbeing 0.000 | wm_loss 2.1184 | td 0.0000 | planner 0.00 | seuil None | eau 0 | bouffe 0 | morts 168 | eps 1.00
step  306500 | wellbeing 0.000 | wm_loss 2.0392 | td 0.0000 | planner 0.00 | seuil None | eau 0 | bouffe 0 | morts 168 | eps 1.00
step  307000 | wellbeing 0.000 | wm_loss 2.0322 | td 0.0000 | planner 0.00 | seuil None | eau 0 | bouffe 0 | morts 168 | eps 1.00
step  307500 | wellbeing 0.000 | wm_loss 2.1061 | td 0.0000 | planner 0.00 | seuil None | eau 0 | bouffe 0 | morts 168 | eps 1.00
step  308000 | wellbeing 0.000 | wm_loss 2.0759 | td 0.0000 | planner 0.00 | seuil None | eau 0 | bouffe 0 | morts 168 | eps 1.00
step  308500 | wellbeing 0.000 | wm_loss 2.0849 | td 0.0000 | planner 0.00 | seuil None | eau 0 | bouffe 0 | morts 168 | eps 1.00
step  309000 | wellbeing 0.000 | wm_loss 2.0697 | td 0.0000 | planner 0.00 | seuil None | eau 0 | bouffe 0 | morts 168 | eps 1.00
step  309500 | wellbeing 0.000 | wm_loss 2.0930 | td 0.0000 | planner 0.00 | seuil None | eau 0 | bouffe 0 | morts 168 | eps 1.00
step  310000 | wellbeing 0.000 | wm_loss 2.0828 | td 0.0000 | planner 0.00 | seuil None | eau 0 | bouffe 0 | morts 168 | eps 1.00
step  310500 | wellbeing 0.000 | wm_loss 2.0767 | td 0.0000 | planner 0.00 | seuil None | eau 0 | bouffe 0 | morts 168 | eps 1.00
step  311000 | wellbeing 0.000 | wm_loss 2.0477 | td 0.0000 | planner 0.00 | seuil None | eau 0 | bouffe 0 | morts 168 | eps 1.00
step  311500 | wellbeing 0.000 | wm_loss 2.1058 | td 0.0000 | planner 0.00 | seuil None | eau 0 | bouffe 0 | morts 168 | eps 1.00
step  312000 | wellbeing 0.000 | wm_loss 2.1122 | td 0.0000 | planner 0.00 | seuil None | eau 0 | bouffe 0 | morts 168 | eps 1.00
step  312500 | wellbeing 0.000 | wm_loss 2.0963 | td 0.0000 | planner 0.00 | seuil None | eau 0 | bouffe 0 | morts 168 | eps 1.00
step  313000 | wellbeing 0.000 | wm_loss 2.0968 | td 0.0000 | planner 0.00 | seuil None | eau 0 | bouffe 0 | morts 168 | eps 1.00
step  313500 | wellbeing 0.000 | wm_loss 2.0818 | td 0.0000 | planner 0.00 | seuil None | eau 0 | bouffe 0 | morts 168 | eps 1.00
step  314000 | wellbeing 0.000 | wm_loss 2.1189 | td 0.0000 | planner 0.00 | seuil None | eau 0 | bouffe 0 | morts 168 | eps 1.00
step  314500 | wellbeing 0.000 | wm_loss 2.0865 | td 0.0000 | planner 0.00 | seuil None | eau 0 | bouffe 0 | morts 168 | eps 1.00
step  315000 | wellbeing 0.000 | wm_loss 2.1170 | td 0.0000 | planner 0.00 | seuil None | eau 0 | bouffe 0 | morts 168 | eps 1.00
step  315500 | wellbeing 0.000 | wm_loss 2.1008 | td 0.0000 | planner 0.00 | seuil None | eau 0 | bouffe 0 | morts 168 | eps 1.00
step  316000 | wellbeing 0.000 | wm_loss 2.1395 | td 0.0000 | planner 0.00 | seuil None | eau 0 | bouffe 0 | morts 168 | eps 1.00
step  316500 | wellbeing 0.000 | wm_loss 2.0778 | td 0.0000 | planner 0.00 | seuil None | eau 0 | bouffe 0 | morts 168 | eps 1.00
step  317000 | wellbeing 0.000 | wm_loss 2.0880 | td 0.0000 | planner 0.00 | seuil None | eau 0 | bouffe 0 | morts 168 | eps 1.00
step  317500 | wellbeing 0.000 | wm_loss 2.1293 | td 0.0000 | planner 0.00 | seuil None | eau 0 | bouffe 0 | morts 168 | eps 1.00
step  318000 | wellbeing 0.000 | wm_loss 2.1015 | td 0.0000 | planner 0.00 | seuil None | eau 0 | bouffe 0 | morts 168 | eps 1.00
step  318500 | wellbeing 0.000 | wm_loss 2.1065 | td 0.0000 | planner 0.00 | seuil None | eau 0 | bouffe 0 | morts 168 | eps 1.00
step  319000 | wellbeing 0.000 | wm_loss 2.1162 | td 0.0000 | planner 0.00 | seuil None | eau 0 | bouffe 0 | morts 168 | eps 1.00
step  319500 | wellbeing 0.000 | wm_loss 2.1095 | td 0.0000 | planner 0.00 | seuil None | eau 0 | bouffe 0 | morts 168 | eps 1.00
step  320000 | wellbeing 0.000 | wm_loss 2.0792 | td 0.0000 | planner 0.00 | seuil None | eau 0 | bouffe 0 | morts 168 | eps 1.00
step  320500 | wellbeing 0.000 | wm_loss 2.1335 | td 0.0000 | planner 0.00 | seuil None | eau 0 | bouffe 0 | morts 168 | eps 1.00
step  321000 | wellbeing 0.000 | wm_loss 2.1264 | td 0.0000 | planner 0.00 | seuil None | eau 0 | bouffe 0 | morts 168 | eps 1.00
step  321500 | wellbeing 0.000 | wm_loss 2.1484 | td 0.0000 | planner 0.00 | seuil None | eau 0 | bouffe 0 | morts 168 | eps 1.00
step  322000 | wellbeing 0.000 | wm_loss 2.0831 | td 0.0000 | planner 0.00 | seuil None | eau 0 | bouffe 0 | morts 168 | eps 1.00
step  322500 | wellbeing 0.000 | wm_loss 2.1161 | td 0.0000 | planner 0.00 | seuil None | eau 0 | bouffe 1 | morts 168 | eps 1.00
step  323000 | wellbeing 0.000 | wm_loss 2.0851 | td 0.0000 | planner 0.00 | seuil None | eau 0 | bouffe 0 | morts 168 | eps 1.00
step  323500 | wellbeing 0.000 | wm_loss 2.1365 | td 0.0000 | planner 0.00 | seuil None | eau 0 | bouffe 0 | morts 168 | eps 1.00
step  324000 | wellbeing 0.000 | wm_loss 2.1093 | td 0.0000 | planner 0.00 | seuil None | eau 0 | bouffe 0 | morts 168 | eps 1.00
step  324500 | wellbeing 0.000 | wm_loss 2.0829 | td 0.0000 | planner 0.00 | seuil None | eau 0 | bouffe 0 | morts 168 | eps 1.00
step  325000 | wellbeing 0.000 | wm_loss 2.0847 | td 0.0000 | planner 0.00 | seuil None | eau 0 | bouffe 0 | morts 168 | eps 1.00
step  325500 | wellbeing 0.000 | wm_loss 2.1129 | td 0.0000 | planner 0.00 | seuil None | eau 1 | bouffe 1 | morts 168 | eps 1.00
step  326000 | wellbeing 0.000 | wm_loss 2.1600 | td 0.0000 | planner 0.00 | seuil None | eau 0 | bouffe 0 | morts 168 | eps 1.00
step  326500 | wellbeing 0.000 | wm_loss 2.1093 | td 0.0000 | planner 0.00 | seuil None | eau 0 | bouffe 1 | morts 168 | eps 1.00
step  327000 | wellbeing 0.000 | wm_loss 2.1318 | td 0.0000 | planner 0.00 | seuil None | eau 0 | bouffe 0 | morts 168 | eps 1.00
step  327500 | wellbeing 0.000 | wm_loss 2.0821 | td 0.0000 | planner 0.00 | seuil None | eau 1 | bouffe 0 | morts 168 | eps 1.00
step  328000 | wellbeing 0.000 | wm_loss 2.1577 | td 0.0000 | planner 0.00 | seuil None | eau 0 | bouffe 0 | morts 168 | eps 1.00
step  328500 | wellbeing 0.000 | wm_loss 2.0785 | td 0.0000 | planner 0.00 | seuil None | eau 0 | bouffe 0 | morts 168 | eps 1.00
step  329000 | wellbeing 0.000 | wm_loss 2.1502 | td 0.0000 | planner 0.00 | seuil None | eau 0 | bouffe 0 | morts 168 | eps 1.00
step  329500 | wellbeing 0.000 | wm_loss 2.1234 | td 0.0000 | planner 0.00 | seuil None | eau 0 | bouffe 0 | morts 168 | eps 1.00
step  330000 | wellbeing 0.000 | wm_loss 2.0936 | td 0.0000 | planner 0.00 | seuil None | eau 0 | bouffe 0 | morts 168 | eps 1.00
step  330500 | wellbeing 0.006 | wm_loss 2.0914 | td 0.0000 | planner 0.00 | seuil None | eau 1 | bouffe 2 | morts 168 | eps 1.00
step  331000 | wellbeing 0.000 | wm_loss 2.1109 | td 0.0000 | planner 0.00 | seuil None | eau 0 | bouffe 0 | morts 168 | eps 1.00
step  331500 | wellbeing 0.000 | wm_loss 2.0858 | td 0.0000 | planner 0.00 | seuil None | eau 0 | bouffe 0 | morts 168 | eps 1.00
step  332000 | wellbeing 0.000 | wm_loss 2.0735 | td 0.0000 | planner 0.00 | seuil None | eau 1 | bouffe 1 | morts 168 | eps 1.00
step  332500 | wellbeing 0.000 | wm_loss 2.0834 | td 0.0000 | planner 0.00 | seuil None | eau 0 | bouffe 0 | morts 168 | eps 1.00
step  333000 | wellbeing 0.000 | wm_loss 2.1048 | td 0.0000 | planner 0.00 | seuil None | eau 0 | bouffe 0 | morts 168 | eps 1.00
step  333500 | wellbeing 0.000 | wm_loss 2.0895 | td 0.0000 | planner 0.00 | seuil None | eau 0 | bouffe 0 | morts 168 | eps 1.00
step  334000 | wellbeing 0.000 | wm_loss 2.1208 | td 0.0000 | planner 0.00 | seuil None | eau 0 | bouffe 0 | morts 168 | eps 1.00
step  334500 | wellbeing 0.000 | wm_loss 2.1356 | td 0.0000 | planner 0.00 | seuil None | eau 0 | bouffe 1 | morts 168 | eps 1.00
step  335000 | wellbeing 0.000 | wm_loss 2.1065 | td 0.0000 | planner 0.00 | seuil None | eau 0 | bouffe 3 | morts 168 | eps 1.00
step  335500 | wellbeing 0.000 | wm_loss 2.0965 | td 0.0000 | planner 0.00 | seuil None | eau 0 | bouffe 2 | morts 168 | eps 1.00
step  336000 | wellbeing 0.000 | wm_loss 2.1600 | td 0.0000 | planner 0.00 | seuil None | eau 0 | bouffe 3 | morts 168 | eps 1.00
step  336500 | wellbeing 0.000 | wm_loss 2.0990 | td 0.0000 | planner 0.00 | seuil None | eau 0 | bouffe 2 | morts 168 | eps 1.00
step  337000 | wellbeing 0.000 | wm_loss 2.1091 | td 0.0000 | planner 0.00 | seuil None | eau 0 | bouffe 1 | morts 168 | eps 1.00
step  337500 | wellbeing 0.000 | wm_loss 2.1179 | td 0.0000 | planner 0.00 | seuil None | eau 1 | bouffe 0 | morts 168 | eps 1.00
step  338000 | wellbeing 0.000 | wm_loss 2.1160 | td 0.0000 | planner 0.00 | seuil None | eau 0 | bouffe 1 | morts 168 | eps 1.00
step  338500 | wellbeing 0.000 | wm_loss 2.1282 | td 0.0000 | planner 0.00 | seuil None | eau 0 | bouffe 1 | morts 168 | eps 1.00
step  339000 | wellbeing 0.000 | wm_loss 2.1139 | td 0.0000 | planner 0.00 | seuil None | eau 0 | bouffe 3 | morts 168 | eps 1.00
step  339500 | wellbeing 0.000 | wm_loss 2.1004 | td 0.0000 | planner 0.00 | seuil None | eau 0 | bouffe 1 | morts 168 | eps 1.00
step  340000 | wellbeing 0.000 | wm_loss 2.1292 | td 0.0000 | planner 0.00 | seuil None | eau 0 | bouffe 0 | morts 168 | eps 1.00
step  340500 | wellbeing 0.000 | wm_loss 2.1555 | td 0.0000 | planner 0.00 | seuil None | eau 0 | bouffe 1 | morts 168 | eps 1.00
step  341000 | wellbeing 0.000 | wm_loss 2.1314 | td 0.0000 | planner 0.00 | seuil None | eau 0 | bouffe 1 | morts 168 | eps 1.00
step  341500 | wellbeing 0.000 | wm_loss 2.1485 | td 0.0000 | planner 0.00 | seuil None | eau 0 | bouffe 1 | morts 168 | eps 1.00
step  342000 | wellbeing 0.000 | wm_loss 2.1398 | td 0.0000 | planner 0.00 | seuil None | eau 0 | bouffe 0 | morts 168 | eps 1.00
step  342500 | wellbeing 0.000 | wm_loss 2.1571 | td 0.0000 | planner 0.00 | seuil None | eau 0 | bouffe 2 | morts 168 | eps 1.00
step  343000 | wellbeing 0.000 | wm_loss 2.0844 | td 0.0000 | planner 0.00 | seuil None | eau 0 | bouffe 2 | morts 168 | eps 1.00
step  343500 | wellbeing 0.000 | wm_loss 2.1288 | td 0.0000 | planner 0.00 | seuil None | eau 0 | bouffe 1 | morts 168 | eps 1.00
step  344000 | wellbeing 0.000 | wm_loss 2.1329 | td 0.0000 | planner 0.00 | seuil None | eau 0 | bouffe 1 | morts 168 | eps 1.00
step  344500 | wellbeing 0.000 | wm_loss 2.1152 | td 0.0000 | planner 0.00 | seuil None | eau 0 | bouffe 1 | morts 168 | eps 1.00
step  345000 | wellbeing 0.000 | wm_loss 2.0911 | td 0.0000 | planner 0.00 | seuil None | eau 0 | bouffe 0 | morts 168 | eps 1.00
step  345500 | wellbeing 0.000 | wm_loss 2.1451 | td 0.0000 | planner 0.00 | seuil None | eau 0 | bouffe 1 | morts 168 | eps 1.00
step  346000 | wellbeing 0.000 | wm_loss 2.1164 | td 0.0000 | planner 0.00 | seuil None | eau 0 | bouffe 1 | morts 168 | eps 1.00
step  346500 | wellbeing 0.000 | wm_loss 2.1384 | td 0.0000 | planner 0.00 | seuil None | eau 0 | bouffe 2 | morts 168 | eps 1.00
step  347000 | wellbeing 0.000 | wm_loss 2.1720 | td 0.0000 | planner 0.00 | seuil None | eau 0 | bouffe 1 | morts 168 | eps 1.00
step  347500 | wellbeing 0.000 | wm_loss 2.1446 | td 0.0000 | planner 0.00 | seuil None | eau 0 | bouffe 1 | morts 168 | eps 1.00
step  348000 | wellbeing 0.000 | wm_loss 2.0977 | td 0.0000 | planner 0.00 | seuil None | eau 0 | bouffe 2 | morts 168 | eps 1.00
step  348500 | wellbeing 0.000 | wm_loss 2.1380 | td 0.0000 | planner 0.00 | seuil None | eau 0 | bouffe 1 | morts 168 | eps 1.00
step  349000 | wellbeing 0.000 | wm_loss 2.1436 | td 0.0000 | planner 0.00 | seuil None | eau 0 | bouffe 2 | morts 168 | eps 1.00
step  349500 | wellbeing 0.000 | wm_loss 2.1966 | td 0.0000 | planner 0.00 | seuil None | eau 0 | bouffe 0 | morts 168 | eps 1.00
step  350000 | wellbeing 0.000 | wm_loss 2.0764 | td 0.0000 | planner 0.00 | seuil None | eau 0 | bouffe 1 | morts 168 | eps 1.00
  cerveau sauvegardé → runs/fouloide_online_seed1/checkpoint_online.pt
step  350500 | wellbeing 0.000 | wm_loss 2.1792 | td 0.0000 | planner 0.00 | seuil None | eau 0 | bouffe 0 | morts 168 | eps 1.00
step  351000 | wellbeing 0.000 | wm_loss 2.1359 | td 0.0000 | planner 0.00 | seuil None | eau 0 | bouffe 1 | morts 168 | eps 1.00
step  351500 | wellbeing 0.000 | wm_loss 2.0748 | td 0.0000 | planner 0.00 | seuil None | eau 0 | bouffe 1 | morts 168 | eps 1.00
step  352000 | wellbeing 0.000 | wm_loss 2.1240 | td 0.0000 | planner 0.00 | seuil None | eau 0 | bouffe 1 | morts 168 | eps 1.00
step  352500 | wellbeing 0.000 | wm_loss 2.1260 | td 0.0000 | planner 0.00 | seuil None | eau 0 | bouffe 0 | morts 168 | eps 1.00
step  353000 | wellbeing 0.000 | wm_loss 2.1293 | td 0.0000 | planner 0.00 | seuil None | eau 0 | bouffe 2 | morts 168 | eps 1.00
step  353500 | wellbeing 0.000 | wm_loss 2.1345 | td 0.0000 | planner 0.00 | seuil None | eau 1 | bouffe 2 | morts 168 | eps 1.00
step  354000 | wellbeing 0.305 | wm_loss 2.1450 | td 0.0000 | planner 0.00 | seuil None | eau 0 | bouffe 1 | morts 170 | eps 1.00
step  354500 | wellbeing 0.316 | wm_loss 2.1549 | td 0.0000 | planner 0.00 | seuil None | eau 0 | bouffe 0 | morts 172 | eps 1.00
step  355000 | wellbeing 0.159 | wm_loss 2.1905 | td 0.0000 | planner 0.00 | seuil None | eau 0 | bouffe 2 | morts 173 | eps 1.00
step  355500 | wellbeing 0.000 | wm_loss 2.1934 | td 0.0000 | planner 0.00 | seuil None | eau 0 | bouffe 0 | morts 173 | eps 1.00
step  356000 | wellbeing 0.155 | wm_loss 2.1737 | td 0.0000 | planner 0.00 | seuil None | eau 1 | bouffe 0 | morts 174 | eps 1.00
step  356500 | wellbeing 0.000 | wm_loss 2.1590 | td 0.0000 | planner 0.00 | seuil None | eau 0 | bouffe 0 | morts 174 | eps 1.00
step  357000 | wellbeing 0.155 | wm_loss 2.1432 | td 0.0000 | planner 0.00 | seuil None | eau 0 | bouffe 1 | morts 175 | eps 1.00
step  357500 | wellbeing 0.296 | wm_loss 2.2171 | td 0.0000 | planner 0.00 | seuil None | eau 0 | bouffe 1 | morts 177 | eps 1.00
step  358000 | wellbeing 0.016 | wm_loss 2.1527 | td 0.0000 | planner 0.00 | seuil None | eau 0 | bouffe 2 | morts 177 | eps 1.00
step  358500 | wellbeing 0.000 | wm_loss 2.1475 | td 0.0000 | planner 0.00 | seuil None | eau 0 | bouffe 3 | morts 177 | eps 1.00
step  359000 | wellbeing 0.000 | wm_loss 2.1244 | td 0.0000 | planner 0.00 | seuil None | eau 0 | bouffe 4 | morts 177 | eps 1.00
step  359500 | wellbeing 0.000 | wm_loss 2.1717 | td 0.0000 | planner 0.00 | seuil None | eau 0 | bouffe 8 | morts 177 | eps 1.00
step  360000 | wellbeing 0.000 | wm_loss 2.1349 | td 0.0000 | planner 0.00 | seuil None | eau 0 | bouffe 4 | morts 177 | eps 1.00
step  360500 | wellbeing 0.000 | wm_loss 2.1744 | td 0.0000 | planner 0.00 | seuil None | eau 0 | bouffe 2 | morts 177 | eps 1.00
step  361000 | wellbeing 0.000 | wm_loss 2.1839 | td 0.0000 | planner 0.00 | seuil None | eau 0 | bouffe 2 | morts 177 | eps 1.00
step  361500 | wellbeing 0.000 | wm_loss 2.1349 | td 0.0000 | planner 0.00 | seuil None | eau 0 | bouffe 1 | morts 177 | eps 1.00
step  362000 | wellbeing 0.000 | wm_loss 2.1912 | td 0.0000 | planner 0.00 | seuil None | eau 0 | bouffe 6 | morts 177 | eps 1.00
step  362500 | wellbeing 0.000 | wm_loss 2.1698 | td 0.0000 | planner 0.00 | seuil None | eau 0 | bouffe 3 | morts 177 | eps 1.00
step  363000 | wellbeing 0.000 | wm_loss 2.1417 | td 0.0000 | planner 0.00 | seuil None | eau 0 | bouffe 1 | morts 177 | eps 1.00
step  363500 | wellbeing 0.000 | wm_loss 2.1968 | td 0.0000 | planner 0.00 | seuil None | eau 0 | bouffe 2 | morts 177 | eps 1.00
step  364000 | wellbeing 0.000 | wm_loss 2.1647 | td 0.0000 | planner 0.00 | seuil None | eau 0 | bouffe 0 | morts 177 | eps 1.00
step  364500 | wellbeing 0.000 | wm_loss 2.1561 | td 0.0000 | planner 0.00 | seuil None | eau 0 | bouffe 3 | morts 177 | eps 1.00
step  365000 | wellbeing 0.000 | wm_loss 2.1681 | td 0.0000 | planner 0.00 | seuil None | eau 0 | bouffe 3 | morts 177 | eps 1.00
step  365500 | wellbeing 0.000 | wm_loss 2.1666 | td 0.0000 | planner 0.00 | seuil None | eau 0 | bouffe 3 | morts 177 | eps 1.00
step  366000 | wellbeing 0.000 | wm_loss 2.1883 | td 0.0000 | planner 0.00 | seuil None | eau 0 | bouffe 3 | morts 177 | eps 1.00
step  366500 | wellbeing 0.000 | wm_loss 2.1293 | td 0.0000 | planner 0.00 | seuil None | eau 0 | bouffe 1 | morts 177 | eps 1.00
step  367000 | wellbeing 0.000 | wm_loss 2.1932 | td 0.0000 | planner 0.00 | seuil None | eau 0 | bouffe 2 | morts 177 | eps 1.00
step  367500 | wellbeing 0.000 | wm_loss 2.1322 | td 0.0000 | planner 0.00 | seuil None | eau 0 | bouffe 3 | morts 177 | eps 1.00
step  368000 | wellbeing 0.000 | wm_loss 2.1978 | td 0.0000 | planner 0.00 | seuil None | eau 0 | bouffe 4 | morts 177 | eps 1.00
step  368500 | wellbeing 0.000 | wm_loss 2.2123 | td 0.0000 | planner 0.00 | seuil None | eau 0 | bouffe 4 | morts 177 | eps 1.00
step  369000 | wellbeing 0.000 | wm_loss 2.2072 | td 0.0000 | planner 0.00 | seuil None | eau 0 | bouffe 3 | morts 177 | eps 1.00
step  369500 | wellbeing 0.000 | wm_loss 2.2216 | td 0.0000 | planner 0.00 | seuil None | eau 0 | bouffe 5 | morts 177 | eps 1.00
step  370000 | wellbeing 0.000 | wm_loss 2.1514 | td 0.0000 | planner 0.00 | seuil None | eau 0 | bouffe 4 | morts 177 | eps 1.00
step  370500 | wellbeing 0.000 | wm_loss 2.1444 | td 0.0000 | planner 0.00 | seuil None | eau 0 | bouffe 3 | morts 177 | eps 1.00
step  371000 | wellbeing 0.000 | wm_loss 2.1391 | td 0.0000 | planner 0.00 | seuil None | eau 0 | bouffe 4 | morts 177 | eps 1.00
step  371500 | wellbeing 0.000 | wm_loss 2.1725 | td 0.0000 | planner 0.00 | seuil None | eau 0 | bouffe 3 | morts 177 | eps 1.00
step  372000 | wellbeing 0.032 | wm_loss 2.1726 | td 0.0000 | planner 0.00 | seuil None | eau 0 | bouffe 6 | morts 178 | eps 1.00
step  372500 | wellbeing 0.415 | wm_loss 2.1646 | td 0.0000 | planner 0.00 | seuil None | eau 1 | bouffe 2 | morts 179 | eps 1.00
step  373000 | wellbeing 0.192 | wm_loss 2.1349 | td 0.0000 | planner 0.00 | seuil None | eau 1 | bouffe 3 | morts 180 | eps 1.00
step  373500 | wellbeing 0.000 | wm_loss 2.1197 | td 0.0000 | planner 0.00 | seuil None | eau 4 | bouffe 0 | morts 180 | eps 1.00
step  374000 | wellbeing 0.004 | wm_loss 2.1276 | td 0.0000 | planner 0.00 | seuil None | eau 3 | bouffe 1 | morts 180 | eps 1.00
step  374500 | wellbeing 0.212 | wm_loss 2.1582 | td 0.0000 | planner 0.00 | seuil None | eau 6 | bouffe 0 | morts 181 | eps 1.00
step  375000 | wellbeing 0.088 | wm_loss 2.1304 | td 0.0000 | planner 0.00 | seuil None | eau 3 | bouffe 3 | morts 181 | eps 1.00
step  375500 | wellbeing 0.270 | wm_loss 2.1559 | td 0.0000 | planner 0.00 | seuil None | eau 4 | bouffe 0 | morts 183 | eps 1.00
step  376000 | wellbeing 0.241 | wm_loss 2.1724 | td 0.0000 | planner 0.00 | seuil None | eau 0 | bouffe 1 | morts 184 | eps 1.00
step  376500 | wellbeing 0.009 | wm_loss 2.1397 | td 0.0000 | planner 0.00 | seuil None | eau 2 | bouffe 2 | morts 184 | eps 1.00
step  377000 | wellbeing 0.003 | wm_loss 2.2127 | td 0.0000 | planner 0.00 | seuil None | eau 1 | bouffe 0 | morts 184 | eps 1.00
step  377500 | wellbeing 0.000 | wm_loss 2.1739 | td 0.0000 | planner 0.00 | seuil None | eau 1 | bouffe 1 | morts 184 | eps 1.00
step  378000 | wellbeing 0.000 | wm_loss 2.2039 | td 0.0000 | planner 0.00 | seuil None | eau 2 | bouffe 0 | morts 184 | eps 1.00
step  378500 | wellbeing 0.175 | wm_loss 2.1469 | td 0.0000 | planner 0.00 | seuil None | eau 1 | bouffe 1 | morts 185 | eps 1.00
step  379000 | wellbeing 0.156 | wm_loss 2.1593 | td 0.0000 | planner 0.00 | seuil None | eau 0 | bouffe 1 | morts 186 | eps 1.00
step  379500 | wellbeing 0.155 | wm_loss 2.2037 | td 0.0000 | planner 0.00 | seuil None | eau 0 | bouffe 0 | morts 187 | eps 1.00
step  380000 | wellbeing 0.000 | wm_loss 2.1535 | td 0.0000 | planner 0.00 | seuil None | eau 1 | bouffe 1 | morts 187 | eps 1.00
step  380500 | wellbeing 0.337 | wm_loss 2.1273 | td 0.0000 | planner 0.00 | seuil None | eau 4 | bouffe 3 | morts 188 | eps 1.00
step  381000 | wellbeing 0.346 | wm_loss 2.1623 | td 0.0000 | planner 0.00 | seuil None | eau 2 | bouffe 1 | morts 190 | eps 1.00
step  381500 | wellbeing 0.002 | wm_loss 2.1714 | td 0.0000 | planner 0.00 | seuil None | eau 5 | bouffe 0 | morts 190 | eps 1.00
step  382000 | wellbeing 0.024 | wm_loss 2.2146 | td 0.0000 | planner 0.00 | seuil None | eau 3 | bouffe 3 | morts 190 | eps 1.00
step  382500 | wellbeing 0.004 | wm_loss 2.1598 | td 0.0000 | planner 0.00 | seuil None | eau 7 | bouffe 0 | morts 190 | eps 1.00
step  383000 | wellbeing 0.017 | wm_loss 2.1552 | td 0.0000 | planner 0.00 | seuil None | eau 2 | bouffe 2 | morts 190 | eps 1.00
step  383500 | wellbeing 0.000 | wm_loss 2.1813 | td 0.0000 | planner 0.00 | seuil None | eau 3 | bouffe 2 | morts 190 | eps 1.00
step  384000 | wellbeing 0.000 | wm_loss 2.2299 | td 0.0000 | planner 0.00 | seuil None | eau 3 | bouffe 0 | morts 190 | eps 1.00
step  384500 | wellbeing 0.025 | wm_loss 2.1539 | td 0.0000 | planner 0.00 | seuil None | eau 2 | bouffe 4 | morts 190 | eps 1.00
step  385000 | wellbeing 0.010 | wm_loss 2.1491 | td 0.0000 | planner 0.00 | seuil None | eau 3 | bouffe 2 | morts 190 | eps 1.00
step  385500 | wellbeing 0.030 | wm_loss 2.1593 | td 0.0000 | planner 0.00 | seuil None | eau 6 | bouffe 1 | morts 190 | eps 1.00
step  386000 | wellbeing 0.001 | wm_loss 2.1635 | td 0.0000 | planner 0.00 | seuil None | eau 2 | bouffe 2 | morts 190 | eps 1.00
step  386500 | wellbeing 0.000 | wm_loss 2.1802 | td 0.0000 | planner 0.00 | seuil None | eau 2 | bouffe 1 | morts 190 | eps 1.00
step  387000 | wellbeing 0.000 | wm_loss 2.1835 | td 0.0000 | planner 0.00 | seuil None | eau 2 | bouffe 0 | morts 190 | eps 1.00
step  387500 | wellbeing 0.000 | wm_loss 2.1895 | td 0.0000 | planner 0.00 | seuil None | eau 4 | bouffe 1 | morts 190 | eps 1.00
step  388000 | wellbeing 0.000 | wm_loss 2.1778 | td 0.0000 | planner 0.00 | seuil None | eau 3 | bouffe 0 | morts 190 | eps 1.00
step  388500 | wellbeing 0.003 | wm_loss 2.1502 | td 0.0000 | planner 0.00 | seuil None | eau 5 | bouffe 1 | morts 190 | eps 1.00
step  389000 | wellbeing 0.000 | wm_loss 2.1469 | td 0.0000 | planner 0.00 | seuil None | eau 2 | bouffe 0 | morts 190 | eps 1.00
step  389500 | wellbeing 0.000 | wm_loss 2.1664 | td 0.0000 | planner 0.00 | seuil None | eau 0 | bouffe 1 | morts 190 | eps 1.00
step  390000 | wellbeing 0.001 | wm_loss 2.1860 | td 0.0000 | planner 0.00 | seuil None | eau 2 | bouffe 1 | morts 190 | eps 1.00
step  390500 | wellbeing 0.000 | wm_loss 2.2471 | td 0.0000 | planner 0.00 | seuil None | eau 1 | bouffe 1 | morts 190 | eps 1.00
step  391000 | wellbeing 0.000 | wm_loss 2.2148 | td 0.0000 | planner 0.00 | seuil None | eau 1 | bouffe 0 | morts 190 | eps 1.00
step  391500 | wellbeing 0.000 | wm_loss 2.1607 | td 0.0000 | planner 0.00 | seuil None | eau 2 | bouffe 1 | morts 190 | eps 1.00
step  392000 | wellbeing 0.000 | wm_loss 2.1779 | td 0.0000 | planner 0.00 | seuil None | eau 0 | bouffe 2 | morts 190 | eps 1.00
step  392500 | wellbeing 0.000 | wm_loss 2.1702 | td 0.0000 | planner 0.00 | seuil None | eau 0 | bouffe 0 | morts 190 | eps 1.00
step  393000 | wellbeing 0.000 | wm_loss 2.1345 | td 0.0000 | planner 0.00 | seuil None | eau 2 | bouffe 1 | morts 190 | eps 1.00
step  393500 | wellbeing 0.002 | wm_loss 2.2194 | td 0.0000 | planner 0.00 | seuil None | eau 3 | bouffe 1 | morts 190 | eps 1.00
step  394000 | wellbeing 0.022 | wm_loss 2.1763 | td 0.0000 | planner 0.00 | seuil None | eau 2 | bouffe 2 | morts 190 | eps 1.00
step  394500 | wellbeing 0.000 | wm_loss 2.1765 | td 0.0000 | planner 0.00 | seuil None | eau 0 | bouffe 0 | morts 190 | eps 1.00
step  395000 | wellbeing 0.000 | wm_loss 2.1507 | td 0.0000 | planner 0.00 | seuil None | eau 0 | bouffe 1 | morts 190 | eps 1.00
step  395500 | wellbeing 0.000 | wm_loss 2.1414 | td 0.0000 | planner 0.00 | seuil None | eau 2 | bouffe 1 | morts 190 | eps 1.00
step  396000 | wellbeing 0.000 | wm_loss 2.1403 | td 0.0000 | planner 0.00 | seuil None | eau 1 | bouffe 0 | morts 190 | eps 1.00
step  396500 | wellbeing 0.000 | wm_loss 2.2608 | td 0.0000 | planner 0.00 | seuil None | eau 2 | bouffe 1 | morts 190 | eps 1.00
step  397000 | wellbeing 0.000 | wm_loss 2.2042 | td 0.0000 | planner 0.00 | seuil None | eau 2 | bouffe 1 | morts 190 | eps 1.00
step  397500 | wellbeing 0.016 | wm_loss 2.2001 | td 0.0000 | planner 0.00 | seuil None | eau 1 | bouffe 1 | morts 190 | eps 1.00
step  398000 | wellbeing 0.000 | wm_loss 2.1666 | td 0.0000 | planner 0.00 | seuil None | eau 1 | bouffe 0 | morts 190 | eps 1.00
step  398500 | wellbeing 0.000 | wm_loss 2.2190 | td 0.0000 | planner 0.00 | seuil None | eau 0 | bouffe 2 | morts 190 | eps 1.00
step  399000 | wellbeing 0.000 | wm_loss 2.1323 | td 0.0000 | planner 0.00 | seuil None | eau 0 | bouffe 1 | morts 190 | eps 1.00
step  399500 | wellbeing 0.028 | wm_loss 2.1654 | td 0.0000 | planner 0.00 | seuil None | eau 2 | bouffe 1 | morts 190 | eps 1.00
step  400000 | wellbeing 0.000 | wm_loss 2.1528 | td 0.0000 | planner 0.00 | seuil None | eau 0 | bouffe 1 | morts 190 | eps 1.00
  cerveau sauvegardé → runs/fouloide_online_seed1/checkpoint_online.pt
step  400500 | wellbeing 0.026 | wm_loss 2.1842 | td 0.0000 | planner 0.00 | seuil None | eau 2 | bouffe 1 | morts 190 | eps 1.00
step  401000 | wellbeing 0.000 | wm_loss 2.2133 | td 0.0000 | planner 0.00 | seuil None | eau 0 | bouffe 1 | morts 190 | eps 1.00
step  401500 | wellbeing 0.000 | wm_loss 2.1665 | td 0.0000 | planner 0.00 | seuil None | eau 0 | bouffe 2 | morts 190 | eps 1.00
step  402000 | wellbeing 0.000 | wm_loss 2.1703 | td 0.0000 | planner 0.00 | seuil None | eau 0 | bouffe 1 | morts 190 | eps 1.00
step  402500 | wellbeing 0.000 | wm_loss 2.1574 | td 0.0000 | planner 0.00 | seuil None | eau 0 | bouffe 1 | morts 190 | eps 1.00
step  403000 | wellbeing 0.000 | wm_loss 2.1483 | td 0.0000 | planner 0.00 | seuil None | eau 1 | bouffe 1 | morts 190 | eps 1.00
step  403500 | wellbeing 0.000 | wm_loss 2.1894 | td 0.0000 | planner 0.00 | seuil None | eau 0 | bouffe 3 | morts 190 | eps 1.00
step  404000 | wellbeing 0.317 | wm_loss 2.1611 | td 0.0000 | planner 0.00 | seuil None | eau 1 | bouffe 2 | morts 192 | eps 1.00
step  404500 | wellbeing 0.156 | wm_loss 2.1441 | td 0.0000 | planner 0.00 | seuil None | eau 0 | bouffe 1 | morts 193 | eps 1.00
step  405000 | wellbeing 0.000 | wm_loss 2.1922 | td 0.0000 | planner 0.00 | seuil None | eau 0 | bouffe 0 | morts 193 | eps 1.00
step  405500 | wellbeing 0.000 | wm_loss 2.2053 | td 0.0000 | planner 0.00 | seuil None | eau 1 | bouffe 0 | morts 193 | eps 1.00
step  406000 | wellbeing 0.000 | wm_loss 2.1910 | td 0.0000 | planner 0.00 | seuil None | eau 0 | bouffe 0 | morts 193 | eps 1.00
step  406500 | wellbeing 0.000 | wm_loss 2.1545 | td 0.0000 | planner 0.00 | seuil None | eau 5 | bouffe 0 | morts 193 | eps 1.00
step  407000 | wellbeing 0.000 | wm_loss 2.1593 | td 0.0000 | planner 0.00 | seuil None | eau 1 | bouffe 0 | morts 193 | eps 1.00
step  407500 | wellbeing 0.000 | wm_loss 2.2055 | td 0.0000 | planner 0.00 | seuil None | eau 1 | bouffe 0 | morts 193 | eps 1.00
step  408000 | wellbeing 0.000 | wm_loss 2.2531 | td 0.0000 | planner 0.00 | seuil None | eau 0 | bouffe 0 | morts 193 | eps 1.00
step  408500 | wellbeing 0.000 | wm_loss 2.1822 | td 0.0000 | planner 0.00 | seuil None | eau 1 | bouffe 0 | morts 193 | eps 1.00
step  409000 | wellbeing 0.000 | wm_loss 2.1646 | td 0.0000 | planner 0.00 | seuil None | eau 0 | bouffe 0 | morts 193 | eps 1.00
step  409500 | wellbeing 0.000 | wm_loss 2.1331 | td 0.0000 | planner 0.00 | seuil None | eau 0 | bouffe 0 | morts 193 | eps 1.00
step  410000 | wellbeing 0.000 | wm_loss 2.1616 | td 0.0000 | planner 0.00 | seuil None | eau 1 | bouffe 0 | morts 193 | eps 1.00
step  410500 | wellbeing 0.000 | wm_loss 2.1873 | td 0.0000 | planner 0.00 | seuil None | eau 1 | bouffe 0 | morts 193 | eps 1.00
step  411000 | wellbeing 0.000 | wm_loss 2.1850 | td 0.0000 | planner 0.00 | seuil None | eau 0 | bouffe 0 | morts 193 | eps 1.00
step  411500 | wellbeing 0.058 | wm_loss 2.1543 | td 0.0000 | planner 0.00 | seuil None | eau 1 | bouffe 0 | morts 194 | eps 1.00
step  412000 | wellbeing 0.277 | wm_loss 2.1883 | td 0.0000 | planner 0.00 | seuil None | eau 1 | bouffe 1 | morts 195 | eps 1.00
step  412500 | wellbeing 0.155 | wm_loss 2.1991 | td 0.0000 | planner 0.00 | seuil None | eau 0 | bouffe 0 | morts 196 | eps 1.00
step  413000 | wellbeing 0.295 | wm_loss 2.1510 | td 0.0000 | planner 0.00 | seuil None | eau 2 | bouffe 1 | morts 197 | eps 1.00
step  413500 | wellbeing 0.008 | wm_loss 2.1885 | td 0.0000 | planner 0.00 | seuil None | eau 2 | bouffe 0 | morts 198 | eps 1.00
step  414000 | wellbeing 0.305 | wm_loss 2.1894 | td 0.0000 | planner 0.00 | seuil None | eau 0 | bouffe 1 | morts 199 | eps 1.00
step  414500 | wellbeing 0.003 | wm_loss 2.1897 | td 0.0000 | planner 0.00 | seuil None | eau 3 | bouffe 1 | morts 200 | eps 1.00
step  415000 | wellbeing 0.345 | wm_loss 2.1892 | td 0.0000 | planner 0.00 | seuil None | eau 1 | bouffe 3 | morts 201 | eps 1.00
step  415500 | wellbeing 0.016 | wm_loss 2.1827 | td 0.0000 | planner 0.00 | seuil None | eau 0 | bouffe 1 | morts 201 | eps 1.00
step  416000 | wellbeing 0.314 | wm_loss 2.1678 | td 0.0000 | planner 0.00 | seuil None | eau 0 | bouffe 3 | morts 203 | eps 1.00
step  416500 | wellbeing 0.208 | wm_loss 2.2177 | td 0.0000 | planner 0.00 | seuil None | eau 1 | bouffe 2 | morts 204 | eps 1.00
step  417000 | wellbeing 0.000 | wm_loss 2.1763 | td 0.0000 | planner 0.00 | seuil None | eau 0 | bouffe 0 | morts 204 | eps 1.00
step  417500 | wellbeing 0.000 | wm_loss 2.1541 | td 0.0000 | planner 0.00 | seuil None | eau 0 | bouffe 1 | morts 204 | eps 1.00
step  418000 | wellbeing 0.000 | wm_loss 2.2183 | td 0.0000 | planner 0.00 | seuil None | eau 0 | bouffe 0 | morts 204 | eps 1.00
step  418500 | wellbeing 0.000 | wm_loss 2.1933 | td 0.0000 | planner 0.00 | seuil None | eau 0 | bouffe 3 | morts 204 | eps 1.00
step  419000 | wellbeing 0.000 | wm_loss 2.1849 | td 0.0000 | planner 0.00 | seuil None | eau 0 | bouffe 1 | morts 204 | eps 1.00
step  419500 | wellbeing 0.000 | wm_loss 2.1783 | td 0.0000 | planner 0.00 | seuil None | eau 0 | bouffe 0 | morts 204 | eps 1.00
step  420000 | wellbeing 0.000 | wm_loss 2.1567 | td 0.0000 | planner 0.00 | seuil None | eau 0 | bouffe 2 | morts 204 | eps 1.00
step  420500 | wellbeing 0.000 | wm_loss 2.2509 | td 0.0000 | planner 0.00 | seuil None | eau 0 | bouffe 0 | morts 204 | eps 1.00
step  421000 | wellbeing 0.000 | wm_loss 2.1182 | td 0.0000 | planner 0.00 | seuil None | eau 0 | bouffe 0 | morts 204 | eps 1.00
step  421500 | wellbeing 0.000 | wm_loss 2.1848 | td 0.0000 | planner 0.00 | seuil None | eau 0 | bouffe 1 | morts 204 | eps 1.00
step  422000 | wellbeing 0.000 | wm_loss 2.2239 | td 0.0000 | planner 0.00 | seuil None | eau 0 | bouffe 0 | morts 204 | eps 1.00
step  422500 | wellbeing 0.000 | wm_loss 2.1833 | td 0.0000 | planner 0.00 | seuil None | eau 0 | bouffe 1 | morts 204 | eps 1.00
step  423000 | wellbeing 0.000 | wm_loss 2.1500 | td 0.0000 | planner 0.00 | seuil None | eau 0 | bouffe 0 | morts 204 | eps 1.00
step  423500 | wellbeing 0.000 | wm_loss 2.1510 | td 0.0000 | planner 0.00 | seuil None | eau 0 | bouffe 0 | morts 204 | eps 1.00
step  424000 | wellbeing 0.000 | wm_loss 2.2023 | td 0.0000 | planner 0.00 | seuil None | eau 0 | bouffe 0 | morts 204 | eps 1.00
step  424500 | wellbeing 0.000 | wm_loss 2.1997 | td 0.0000 | planner 0.00 | seuil None | eau 0 | bouffe 0 | morts 204 | eps 1.00
step  425000 | wellbeing 0.000 | wm_loss 2.1891 | td 0.0000 | planner 0.00 | seuil None | eau 0 | bouffe 0 | morts 204 | eps 1.00
step  425500 | wellbeing 0.000 | wm_loss 2.1519 | td 0.0000 | planner 0.00 | seuil None | eau 0 | bouffe 0 | morts 204 | eps 1.00
step  426000 | wellbeing 0.000 | wm_loss 2.1690 | td 0.0000 | planner 0.00 | seuil None | eau 0 | bouffe 1 | morts 204 | eps 1.00
step  426500 | wellbeing 0.000 | wm_loss 2.1728 | td 0.0000 | planner 0.00 | seuil None | eau 0 | bouffe 0 | morts 204 | eps 1.00
step  427000 | wellbeing 0.000 | wm_loss 2.2017 | td 0.0000 | planner 0.00 | seuil None | eau 0 | bouffe 2 | morts 204 | eps 1.00
step  427500 | wellbeing 0.000 | wm_loss 2.1653 | td 0.0000 | planner 0.00 | seuil None | eau 0 | bouffe 0 | morts 204 | eps 1.00
step  428000 | wellbeing 0.000 | wm_loss 2.1522 | td 0.0000 | planner 0.00 | seuil None | eau 0 | bouffe 0 | morts 204 | eps 1.00
step  428500 | wellbeing 0.000 | wm_loss 2.2058 | td 0.0000 | planner 0.00 | seuil None | eau 0 | bouffe 0 | morts 204 | eps 1.00
step  429000 | wellbeing 0.000 | wm_loss 2.2032 | td 0.0000 | planner 0.00 | seuil None | eau 0 | bouffe 0 | morts 204 | eps 1.00
step  429500 | wellbeing 0.000 | wm_loss 2.1560 | td 0.0000 | planner 0.00 | seuil None | eau 0 | bouffe 0 | morts 204 | eps 1.00
step  430000 | wellbeing 0.000 | wm_loss 2.1782 | td 0.0000 | planner 0.00 | seuil None | eau 0 | bouffe 0 | morts 204 | eps 1.00
step  430500 | wellbeing 0.000 | wm_loss 2.1418 | td 0.0000 | planner 0.00 | seuil None | eau 0 | bouffe 0 | morts 204 | eps 1.00
step  431000 | wellbeing 0.000 | wm_loss 2.1063 | td 0.0000 | planner 0.00 | seuil None | eau 0 | bouffe 1 | morts 204 | eps 1.00
step  431500 | wellbeing 0.000 | wm_loss 2.1770 | td 0.0000 | planner 0.00 | seuil None | eau 0 | bouffe 0 | morts 204 | eps 1.00
step  432000 | wellbeing 0.000 | wm_loss 2.1515 | td 0.0000 | planner 0.00 | seuil None | eau 0 | bouffe 0 | morts 204 | eps 1.00
step  432500 | wellbeing 0.000 | wm_loss 2.2199 | td 0.0000 | planner 0.00 | seuil None | eau 0 | bouffe 0 | morts 204 | eps 1.00
step  433000 | wellbeing 0.000 | wm_loss 2.1522 | td 0.0000 | planner 0.00 | seuil None | eau 0 | bouffe 0 | morts 204 | eps 1.00
step  433500 | wellbeing 0.000 | wm_loss 2.1625 | td 0.0000 | planner 0.00 | seuil None | eau 0 | bouffe 0 | morts 204 | eps 1.00
step  434000 | wellbeing 0.000 | wm_loss 2.1595 | td 0.0000 | planner 0.00 | seuil None | eau 0 | bouffe 0 | morts 204 | eps 1.00
step  434500 | wellbeing 0.000 | wm_loss 2.1769 | td 0.0000 | planner 0.00 | seuil None | eau 0 | bouffe 0 | morts 204 | eps 1.00
step  435000 | wellbeing 0.000 | wm_loss 2.1936 | td 0.0000 | planner 0.00 | seuil None | eau 0 | bouffe 0 | morts 204 | eps 1.00
step  435500 | wellbeing 0.000 | wm_loss 2.1578 | td 0.0000 | planner 0.00 | seuil None | eau 0 | bouffe 1 | morts 204 | eps 1.00
step  436000 | wellbeing 0.000 | wm_loss 2.1445 | td 0.0000 | planner 0.00 | seuil None | eau 0 | bouffe 0 | morts 204 | eps 1.00
step  436500 | wellbeing 0.000 | wm_loss 2.1903 | td 0.0000 | planner 0.00 | seuil None | eau 0 | bouffe 0 | morts 204 | eps 1.00
step  437000 | wellbeing 0.000 | wm_loss 2.1756 | td 0.0000 | planner 0.00 | seuil None | eau 0 | bouffe 1 | morts 204 | eps 1.00
step  437500 | wellbeing 0.000 | wm_loss 2.1851 | td 0.0000 | planner 0.00 | seuil None | eau 0 | bouffe 0 | morts 204 | eps 1.00
step  438000 | wellbeing 0.000 | wm_loss 2.1908 | td 0.0000 | planner 0.00 | seuil None | eau 0 | bouffe 0 | morts 204 | eps 1.00
step  438500 | wellbeing 0.000 | wm_loss 2.2132 | td 0.0000 | planner 0.00 | seuil None | eau 0 | bouffe 0 | morts 204 | eps 1.00
step  439000 | wellbeing 0.000 | wm_loss 2.1668 | td 0.0000 | planner 0.00 | seuil None | eau 0 | bouffe 0 | morts 204 | eps 1.00
step  439500 | wellbeing 0.000 | wm_loss 2.1424 | td 0.0000 | planner 0.00 | seuil None | eau 0 | bouffe 0 | morts 204 | eps 1.00
step  440000 | wellbeing 0.000 | wm_loss 2.1791 | td 0.0000 | planner 0.00 | seuil None | eau 0 | bouffe 0 | morts 204 | eps 1.00
step  440500 | wellbeing 0.000 | wm_loss 2.1420 | td 0.0000 | planner 0.00 | seuil None | eau 0 | bouffe 0 | morts 204 | eps 1.00
step  441000 | wellbeing 0.000 | wm_loss 2.2188 | td 0.0000 | planner 0.00 | seuil None | eau 0 | bouffe 0 | morts 204 | eps 1.00
step  441500 | wellbeing 0.000 | wm_loss 2.1653 | td 0.0000 | planner 0.00 | seuil None | eau 0 | bouffe 1 | morts 204 | eps 1.00
step  442000 | wellbeing 0.000 | wm_loss 2.2050 | td 0.0000 | planner 0.00 | seuil None | eau 0 | bouffe 0 | morts 204 | eps 1.00
step  442500 | wellbeing 0.000 | wm_loss 2.1829 | td 0.0000 | planner 0.00 | seuil None | eau 0 | bouffe 0 | morts 204 | eps 1.00
step  443000 | wellbeing 0.000 | wm_loss 2.1907 | td 0.0000 | planner 0.00 | seuil None | eau 0 | bouffe 0 | morts 204 | eps 1.00
step  443500 | wellbeing 0.000 | wm_loss 2.2294 | td 0.0000 | planner 0.00 | seuil None | eau 0 | bouffe 0 | morts 204 | eps 1.00
step  444000 | wellbeing 0.159 | wm_loss 2.1890 | td 0.0000 | planner 0.00 | seuil None | eau 0 | bouffe 2 | morts 205 | eps 1.00
step  444500 | wellbeing 0.311 | wm_loss 2.1507 | td 0.0000 | planner 0.00 | seuil None | eau 0 | bouffe 1 | morts 207 | eps 1.00
step  445000 | wellbeing 0.156 | wm_loss 2.1579 | td 0.0000 | planner 0.00 | seuil None | eau 0 | bouffe 0 | morts 208 | eps 1.00
step  445500 | wellbeing 0.130 | wm_loss 2.1869 | td 0.0000 | planner 0.00 | seuil None | eau 0 | bouffe 2 | morts 209 | eps 1.00
step  446000 | wellbeing 0.028 | wm_loss 2.1087 | td 0.0000 | planner 0.00 | seuil None | eau 0 | bouffe 1 | morts 209 | eps 1.00
step  446500 | wellbeing 0.000 | wm_loss 2.1748 | td 0.0000 | planner 0.00 | seuil None | eau 0 | bouffe 1 | morts 209 | eps 1.00
step  447000 | wellbeing 0.000 | wm_loss 2.1778 | td 0.0000 | planner 0.00 | seuil None | eau 0 | bouffe 0 | morts 209 | eps 1.00
step  447500 | wellbeing 0.000 | wm_loss 2.1385 | td 0.0000 | planner 0.00 | seuil None | eau 0 | bouffe 2 | morts 209 | eps 1.00
step  448000 | wellbeing 0.000 | wm_loss 2.1266 | td 0.0000 | planner 0.00 | seuil None | eau 1 | bouffe 1 | morts 209 | eps 1.00
step  448500 | wellbeing 0.000 | wm_loss 2.1991 | td 0.0000 | planner 0.00 | seuil None | eau 0 | bouffe 0 | morts 209 | eps 1.00
step  449000 | wellbeing 0.000 | wm_loss 2.1249 | td 0.0000 | planner 0.00 | seuil None | eau 1 | bouffe 2 | morts 209 | eps 1.00
step  449500 | wellbeing 0.166 | wm_loss 2.1578 | td 0.0000 | planner 0.00 | seuil None | eau 1 | bouffe 0 | morts 210 | eps 1.00
step  450000 | wellbeing 0.000 | wm_loss 2.1504 | td 0.0000 | planner 0.00 | seuil None | eau 0 | bouffe 0 | morts 210 | eps 1.00
  cerveau sauvegardé → runs/fouloide_online_seed1/checkpoint_online.pt
step  450500 | wellbeing 0.000 | wm_loss 2.1490 | td 0.0000 | planner 0.00 | seuil None | eau 2 | bouffe 2 | morts 210 | eps 1.00
step  451000 | wellbeing 0.000 | wm_loss 2.1894 | td 0.0000 | planner 0.00 | seuil None | eau 0 | bouffe 2 | morts 210 | eps 1.00
step  451500 | wellbeing 0.000 | wm_loss 2.1539 | td 0.0000 | planner 0.00 | seuil None | eau 0 | bouffe 3 | morts 210 | eps 1.00
step  452000 | wellbeing 0.000 | wm_loss 2.1292 | td 0.0000 | planner 0.00 | seuil None | eau 0 | bouffe 1 | morts 210 | eps 1.00
step  452500 | wellbeing 0.000 | wm_loss 2.1410 | td 0.0000 | planner 0.00 | seuil None | eau 0 | bouffe 3 | morts 210 | eps 1.00
step  453000 | wellbeing 0.000 | wm_loss 2.1741 | td 0.0000 | planner 0.00 | seuil None | eau 0 | bouffe 2 | morts 210 | eps 1.00
step  453500 | wellbeing 0.000 | wm_loss 2.1322 | td 0.0000 | planner 0.00 | seuil None | eau 0 | bouffe 3 | morts 210 | eps 1.00
step  454000 | wellbeing 0.000 | wm_loss 2.1706 | td 0.0000 | planner 0.00 | seuil None | eau 0 | bouffe 3 | morts 210 | eps 1.00
step  454500 | wellbeing 0.000 | wm_loss 2.1779 | td 0.0000 | planner 0.00 | seuil None | eau 0 | bouffe 1 | morts 210 | eps 1.00
step  455000 | wellbeing 0.000 | wm_loss 2.2032 | td 0.0000 | planner 0.00 | seuil None | eau 1 | bouffe 0 | morts 210 | eps 1.00
step  455500 | wellbeing 0.000 | wm_loss 2.1784 | td 0.0000 | planner 0.00 | seuil None | eau 2 | bouffe 1 | morts 210 | eps 1.00
step  456000 | wellbeing 0.000 | wm_loss 2.1686 | td 0.0000 | planner 0.00 | seuil None | eau 0 | bouffe 0 | morts 210 | eps 1.00
step  456500 | wellbeing 0.000 | wm_loss 2.1884 | td 0.0000 | planner 0.00 | seuil None | eau 0 | bouffe 1 | morts 210 | eps 1.00
step  457000 | wellbeing 0.000 | wm_loss 2.2013 | td 0.0000 | planner 0.00 | seuil None | eau 0 | bouffe 2 | morts 210 | eps 1.00
step  457500 | wellbeing 0.000 | wm_loss 2.1941 | td 0.0000 | planner 0.00 | seuil None | eau 0 | bouffe 3 | morts 210 | eps 1.00
step  458000 | wellbeing 0.000 | wm_loss 2.2332 | td 0.0000 | planner 0.00 | seuil None | eau 0 | bouffe 1 | morts 210 | eps 1.00
step  458500 | wellbeing 0.000 | wm_loss 2.1423 | td 0.0000 | planner 0.00 | seuil None | eau 0 | bouffe 1 | morts 210 | eps 1.00
step  459000 | wellbeing 0.000 | wm_loss 2.1591 | td 0.0000 | planner 0.00 | seuil None | eau 0 | bouffe 2 | morts 210 | eps 1.00
step  459500 | wellbeing 0.000 | wm_loss 2.1516 | td 0.0000 | planner 0.00 | seuil None | eau 0 | bouffe 3 | morts 210 | eps 1.00
step  460000 | wellbeing 0.001 | wm_loss 2.1430 | td 0.0000 | planner 0.00 | seuil None | eau 1 | bouffe 3 | morts 210 | eps 1.00
step  460500 | wellbeing 0.000 | wm_loss 2.1658 | td 0.0000 | planner 0.00 | seuil None | eau 0 | bouffe 4 | morts 210 | eps 1.00
step  461000 | wellbeing 0.000 | wm_loss 2.1676 | td 0.0000 | planner 0.00 | seuil None | eau 0 | bouffe 2 | morts 210 | eps 1.00
step  461500 | wellbeing 0.027 | wm_loss 2.1747 | td 0.0000 | planner 0.00 | seuil None | eau 2 | bouffe 2 | morts 210 | eps 1.00
step  462000 | wellbeing 0.000 | wm_loss 2.2136 | td 0.0000 | planner 0.00 | seuil None | eau 1 | bouffe 0 | morts 210 | eps 1.00
step  462500 | wellbeing 0.004 | wm_loss 2.2436 | td 0.0000 | planner 0.00 | seuil None | eau 1 | bouffe 3 | morts 210 | eps 1.00
step  463000 | wellbeing 0.000 | wm_loss 2.1431 | td 0.0000 | planner 0.00 | seuil None | eau 2 | bouffe 0 | morts 210 | eps 1.00
step  463500 | wellbeing 0.000 | wm_loss 2.1486 | td 0.0000 | planner 0.00 | seuil None | eau 2 | bouffe 0 | morts 210 | eps 1.00
step  464000 | wellbeing 0.000 | wm_loss 2.1019 | td 0.0000 | planner 0.00 | seuil None | eau 2 | bouffe 0 | morts 210 | eps 1.00
step  464500 | wellbeing 0.000 | wm_loss 2.1643 | td 0.0000 | planner 0.00 | seuil None | eau 2 | bouffe 0 | morts 210 | eps 1.00
step  465000 | wellbeing 0.000 | wm_loss 2.1429 | td 0.0000 | planner 0.00 | seuil None | eau 1 | bouffe 1 | morts 210 | eps 1.00
step  465500 | wellbeing 0.000 | wm_loss 2.2114 | td 0.0000 | planner 0.00 | seuil None | eau 1 | bouffe 1 | morts 210 | eps 1.00
step  466000 | wellbeing 0.000 | wm_loss 2.1517 | td 0.0000 | planner 0.00 | seuil None | eau 2 | bouffe 0 | morts 210 | eps 1.00
step  466500 | wellbeing 0.000 | wm_loss 2.1751 | td 0.0000 | planner 0.00 | seuil None | eau 0 | bouffe 3 | morts 210 | eps 1.00
step  467000 | wellbeing 0.000 | wm_loss 2.1434 | td 0.0000 | planner 0.00 | seuil None | eau 2 | bouffe 0 | morts 210 | eps 1.00
step  467500 | wellbeing 0.002 | wm_loss 2.1446 | td 0.0000 | planner 0.00 | seuil None | eau 2 | bouffe 1 | morts 210 | eps 1.00
step  468000 | wellbeing 0.000 | wm_loss 2.1353 | td 0.0000 | planner 0.00 | seuil None | eau 2 | bouffe 0 | morts 210 | eps 1.00
step  468500 | wellbeing 0.001 | wm_loss 2.1631 | td 0.0000 | planner 0.00 | seuil None | eau 2 | bouffe 2 | morts 210 | eps 1.00
step  469000 | wellbeing 0.000 | wm_loss 2.1686 | td 0.0000 | planner 0.00 | seuil None | eau 0 | bouffe 0 | morts 210 | eps 1.00
step  469500 | wellbeing 0.000 | wm_loss 2.1767 | td 0.0000 | planner 0.00 | seuil None | eau 0 | bouffe 1 | morts 210 | eps 1.00
step  470000 | wellbeing 0.000 | wm_loss 2.2134 | td 0.0000 | planner 0.00 | seuil None | eau 1 | bouffe 0 | morts 210 | eps 1.00
step  470500 | wellbeing 0.000 | wm_loss 2.1767 | td 0.0000 | planner 0.00 | seuil None | eau 1 | bouffe 0 | morts 210 | eps 1.00
step  471000 | wellbeing 0.000 | wm_loss 2.1715 | td 0.0000 | planner 0.00 | seuil None | eau 2 | bouffe 1 | morts 210 | eps 1.00
step  471500 | wellbeing 0.040 | wm_loss 2.1489 | td 0.0000 | planner 0.00 | seuil None | eau 1 | bouffe 3 | morts 210 | eps 1.00
step  472000 | wellbeing 0.000 | wm_loss 2.1135 | td 0.0000 | planner 0.00 | seuil None | eau 1 | bouffe 0 | morts 210 | eps 1.00
step  472500 | wellbeing 0.000 | wm_loss 2.1743 | td 0.0000 | planner 0.00 | seuil None | eau 1 | bouffe 2 | morts 210 | eps 1.00
step  473000 | wellbeing 0.000 | wm_loss 2.1833 | td 0.0000 | planner 0.00 | seuil None | eau 2 | bouffe 0 | morts 210 | eps 1.00
step  473500 | wellbeing 0.000 | wm_loss 2.1726 | td 0.0000 | planner 0.00 | seuil None | eau 2 | bouffe 0 | morts 210 | eps 1.00
step  474000 | wellbeing 0.000 | wm_loss 2.1468 | td 0.0000 | planner 0.00 | seuil None | eau 3 | bouffe 0 | morts 210 | eps 1.00
step  474500 | wellbeing 0.000 | wm_loss 2.1841 | td 0.0000 | planner 0.00 | seuil None | eau 2 | bouffe 0 | morts 210 | eps 1.00
step  475000 | wellbeing 0.000 | wm_loss 2.1380 | td 0.0000 | planner 0.00 | seuil None | eau 0 | bouffe 4 | morts 210 | eps 1.00
step  475500 | wellbeing 0.000 | wm_loss 2.1550 | td 0.0000 | planner 0.00 | seuil None | eau 0 | bouffe 3 | morts 210 | eps 1.00
step  476000 | wellbeing 0.000 | wm_loss 2.1801 | td 0.0000 | planner 0.00 | seuil None | eau 0 | bouffe 4 | morts 210 | eps 1.00
step  476500 | wellbeing 0.000 | wm_loss 2.1648 | td 0.0000 | planner 0.00 | seuil None | eau 0 | bouffe 2 | morts 210 | eps 1.00
step  477000 | wellbeing 0.000 | wm_loss 2.1644 | td 0.0000 | planner 0.00 | seuil None | eau 1 | bouffe 4 | morts 210 | eps 1.00
step  477500 | wellbeing 0.000 | wm_loss 2.1745 | td 0.0000 | planner 0.00 | seuil None | eau 1 | bouffe 0 | morts 210 | eps 1.00
step  478000 | wellbeing 0.000 | wm_loss 2.1813 | td 0.0000 | planner 0.00 | seuil None | eau 3 | bouffe 0 | morts 210 | eps 1.00
step  478500 | wellbeing 0.000 | wm_loss 2.1561 | td 0.0000 | planner 0.00 | seuil None | eau 2 | bouffe 0 | morts 210 | eps 1.00
step  479000 | wellbeing 0.000 | wm_loss 2.1860 | td 0.0000 | planner 0.00 | seuil None | eau 3 | bouffe 0 | morts 210 | eps 1.00
step  479500 | wellbeing 0.000 | wm_loss 2.1843 | td 0.0000 | planner 0.00 | seuil None | eau 2 | bouffe 0 | morts 210 | eps 1.00
step  480000 | wellbeing 0.000 | wm_loss 2.1904 | td 0.0000 | planner 0.00 | seuil None | eau 3 | bouffe 0 | morts 210 | eps 1.00
step  480500 | wellbeing 0.000 | wm_loss 2.1682 | td 0.0000 | planner 0.00 | seuil None | eau 2 | bouffe 0 | morts 210 | eps 1.00
step  481000 | wellbeing 0.000 | wm_loss 2.1508 | td 0.0000 | planner 0.00 | seuil None | eau 2 | bouffe 0 | morts 210 | eps 1.00
step  481500 | wellbeing 0.000 | wm_loss 2.1334 | td 0.0000 | planner 0.00 | seuil None | eau 2 | bouffe 0 | morts 210 | eps 1.00
step  482000 | wellbeing 0.000 | wm_loss 2.1019 | td 0.0000 | planner 0.00 | seuil None | eau 2 | bouffe 2 | morts 210 | eps 1.00
step  482500 | wellbeing 0.000 | wm_loss 2.1510 | td 0.0000 | planner 0.00 | seuil None | eau 4 | bouffe 0 | morts 210 | eps 1.00
step  483000 | wellbeing 0.000 | wm_loss 2.1856 | td 0.0000 | planner 0.00 | seuil None | eau 3 | bouffe 0 | morts 210 | eps 1.00
step  483500 | wellbeing 0.000 | wm_loss 2.1903 | td 0.0000 | planner 0.00 | seuil None | eau 2 | bouffe 0 | morts 210 | eps 1.00
step  484000 | wellbeing 0.000 | wm_loss 2.1804 | td 0.0000 | planner 0.00 | seuil None | eau 3 | bouffe 0 | morts 210 | eps 1.00
step  484500 | wellbeing 0.000 | wm_loss 2.1940 | td 0.0000 | planner 0.00 | seuil None | eau 3 | bouffe 0 | morts 210 | eps 1.00
step  485000 | wellbeing 0.000 | wm_loss 2.1826 | td 0.0000 | planner 0.00 | seuil None | eau 2 | bouffe 0 | morts 210 | eps 1.00
step  485500 | wellbeing 0.000 | wm_loss 2.1687 | td 0.0000 | planner 0.00 | seuil None | eau 2 | bouffe 0 | morts 210 | eps 1.00
step  486000 | wellbeing 0.000 | wm_loss 2.1148 | td 0.0000 | planner 0.00 | seuil None | eau 3 | bouffe 0 | morts 210 | eps 1.00
step  486500 | wellbeing 0.000 | wm_loss 2.2190 | td 0.0000 | planner 0.00 | seuil None | eau 3 | bouffe 0 | morts 210 | eps 1.00
step  487000 | wellbeing 0.000 | wm_loss 2.1801 | td 0.0000 | planner 0.00 | seuil None | eau 3 | bouffe 0 | morts 210 | eps 1.00
step  487500 | wellbeing 0.000 | wm_loss 2.1809 | td 0.0000 | planner 0.00 | seuil None | eau 3 | bouffe 0 | morts 210 | eps 1.00
step  488000 | wellbeing 0.000 | wm_loss 2.2129 | td 0.0000 | planner 0.00 | seuil None | eau 2 | bouffe 0 | morts 210 | eps 1.00
step  488500 | wellbeing 0.000 | wm_loss 2.2069 | td 0.0000 | planner 0.00 | seuil None | eau 4 | bouffe 0 | morts 210 | eps 1.00
step  489000 | wellbeing 0.000 | wm_loss 2.1952 | td 0.0000 | planner 0.00 | seuil None | eau 2 | bouffe 0 | morts 210 | eps 1.00
step  489500 | wellbeing 0.000 | wm_loss 2.1488 | td 0.0000 | planner 0.00 | seuil None | eau 3 | bouffe 0 | morts 210 | eps 1.00
step  490000 | wellbeing 0.000 | wm_loss 2.1958 | td 0.0000 | planner 0.00 | seuil None | eau 2 | bouffe 0 | morts 210 | eps 1.00
step  490500 | wellbeing 0.000 | wm_loss 2.1672 | td 0.0000 | planner 0.00 | seuil None | eau 3 | bouffe 0 | morts 210 | eps 1.00
step  491000 | wellbeing 0.000 | wm_loss 2.1843 | td 0.0000 | planner 0.00 | seuil None | eau 2 | bouffe 0 | morts 210 | eps 1.00
step  491500 | wellbeing 0.000 | wm_loss 2.1837 | td 0.0000 | planner 0.00 | seuil None | eau 1 | bouffe 0 | morts 210 | eps 1.00
step  492000 | wellbeing 0.000 | wm_loss 2.1717 | td 0.0000 | planner 0.00 | seuil None | eau 2 | bouffe 0 | morts 210 | eps 1.00
step  492500 | wellbeing 0.000 | wm_loss 2.1928 | td 0.0000 | planner 0.00 | seuil None | eau 3 | bouffe 0 | morts 210 | eps 1.00
step  493000 | wellbeing 0.000 | wm_loss 2.1933 | td 0.0000 | planner 0.00 | seuil None | eau 3 | bouffe 0 | morts 210 | eps 1.00
step  493500 | wellbeing 0.000 | wm_loss 2.1982 | td 0.0000 | planner 0.00 | seuil None | eau 1 | bouffe 0 | morts 210 | eps 1.00
step  494000 | wellbeing 0.000 | wm_loss 2.2027 | td 0.0000 | planner 0.00 | seuil None | eau 2 | bouffe 0 | morts 210 | eps 1.00
step  494500 | wellbeing 0.000 | wm_loss 2.1917 | td 0.0000 | planner 0.00 | seuil None | eau 2 | bouffe 0 | morts 210 | eps 1.00
step  495000 | wellbeing 0.000 | wm_loss 2.2223 | td 0.0000 | planner 0.00 | seuil None | eau 4 | bouffe 0 | morts 210 | eps 1.00
step  495500 | wellbeing 0.000 | wm_loss 2.1992 | td 0.0000 | planner 0.00 | seuil None | eau 2 | bouffe 0 | morts 210 | eps 1.00
step  496000 | wellbeing 0.000 | wm_loss 2.2055 | td 0.0000 | planner 0.00 | seuil None | eau 4 | bouffe 0 | morts 210 | eps 1.00
step  496500 | wellbeing 0.000 | wm_loss 2.1789 | td 0.0000 | planner 0.00 | seuil None | eau 3 | bouffe 0 | morts 210 | eps 1.00
step  497000 | wellbeing 0.000 | wm_loss 2.2220 | td 0.0000 | planner 0.00 | seuil None | eau 2 | bouffe 0 | morts 210 | eps 1.00
step  497500 | wellbeing 0.000 | wm_loss 2.1825 | td 0.0000 | planner 0.00 | seuil None | eau 3 | bouffe 0 | morts 210 | eps 1.00
step  498000 | wellbeing 0.000 | wm_loss 2.1707 | td 0.0000 | planner 0.00 | seuil None | eau 3 | bouffe 0 | morts 210 | eps 1.00
step  498500 | wellbeing 0.000 | wm_loss 2.2309 | td 0.0000 | planner 0.00 | seuil None | eau 3 | bouffe 0 | morts 210 | eps 1.00
step  499000 | wellbeing 0.000 | wm_loss 2.2067 | td 0.0000 | planner 0.00 | seuil None | eau 4 | bouffe 0 | morts 210 | eps 1.00
step  499500 | wellbeing 0.000 | wm_loss 2.2418 | td 0.0000 | planner 0.00 | seuil None | eau 3 | bouffe 0 | morts 210 | eps 1.00
step  500000 | wellbeing 0.000 | wm_loss 2.2636 | td 0.0000 | planner 0.00 | seuil None | eau 4 | bouffe 0 | morts 210 | eps 1.00
  cerveau sauvegardé → runs/fouloide_online_seed1/checkpoint_online.pt
  cerveau final sauvegardé → runs/fouloide_online_seed1/checkpoint_online.pt
Terminé : 500000 steps, 210 morts, métriques dans runs/fouloide_online_seed1/metrics_online.json
