nohup: ignoring input
Online fouloïde: 500000 steps, config=configs/micro_fouloide_online_homeostatic_rssm_v3_dreamerfix.yaml, seed=0, device=cuda
step     500 | wellbeing 0.159 | wm_loss 2.4619 | td 0.0000 | planner 0.00 | seuil None | eau 1 | bouffe 2 | morts 0 | eps 1.00
step    1000 | wellbeing 0.020 | wm_loss 2.0795 | td 0.0000 | planner 0.00 | seuil None | eau 2 | bouffe 1 | morts 0 | eps 1.00
step    1500 | wellbeing 0.000 | wm_loss 1.8443 | td 0.0000 | planner 0.00 | seuil None | eau 1 | bouffe 2 | morts 0 | eps 1.00
step    2000 | wellbeing 0.000 | wm_loss 1.7224 | td 0.0000 | planner 0.00 | seuil None | eau 0 | bouffe 0 | morts 0 | eps 1.00
step    2500 | wellbeing 0.206 | wm_loss 1.7765 | td 0.0000 | planner 0.00 | seuil None | eau 2 | bouffe 3 | morts 1 | eps 1.00
step    3000 | wellbeing 0.294 | wm_loss 1.7601 | td 0.0000 | planner 0.00 | seuil None | eau 3 | bouffe 3 | morts 2 | eps 1.00
step    3500 | wellbeing 0.159 | wm_loss 1.8056 | td 0.0000 | planner 0.00 | seuil None | eau 0 | bouffe 1 | morts 3 | eps 1.00
step    4000 | wellbeing 0.023 | wm_loss 1.7601 | td 0.0000 | planner 0.00 | seuil None | eau 2 | bouffe 4 | morts 3 | eps 1.00
step    4500 | wellbeing 0.020 | wm_loss 1.7205 | td 0.0000 | planner 0.00 | seuil None | eau 2 | bouffe 1 | morts 3 | eps 1.00
step    5000 | wellbeing 0.000 | wm_loss 1.6985 | td 0.0000 | planner 0.00 | seuil None | eau 0 | bouffe 0 | morts 3 | eps 1.00
  cerveau sauvegardé → runs/fouloide_online_seed0/checkpoint_online.pt
step    5500 | wellbeing 0.155 | wm_loss 1.7353 | td 0.0000 | planner 0.00 | seuil None | eau 0 | bouffe 1 | morts 4 | eps 1.00
step    6000 | wellbeing 0.000 | wm_loss 1.6873 | td 0.0000 | planner 0.00 | seuil None | eau 3 | bouffe 1 | morts 4 | eps 1.00
step    6500 | wellbeing 0.000 | wm_loss 1.7180 | td 0.0000 | planner 0.00 | seuil None | eau 0 | bouffe 1 | morts 4 | eps 1.00
step    7000 | wellbeing 0.156 | wm_loss 1.7203 | td 0.0000 | planner 0.00 | seuil None | eau 1 | bouffe 0 | morts 5 | eps 1.00
step    7500 | wellbeing 0.115 | wm_loss 1.7883 | td 0.0000 | planner 0.00 | seuil None | eau 0 | bouffe 1 | morts 6 | eps 1.00
step    8000 | wellbeing 0.246 | wm_loss 1.7000 | td 0.0000 | planner 0.00 | seuil None | eau 1 | bouffe 1 | morts 7 | eps 1.00
step    8500 | wellbeing 0.021 | wm_loss 1.7000 | td 0.0000 | planner 0.00 | seuil None | eau 3 | bouffe 1 | morts 7 | eps 1.00
step    9000 | wellbeing 0.302 | wm_loss 1.7102 | td 0.0000 | planner 0.00 | seuil None | eau 1 | bouffe 2 | morts 9 | eps 1.00
step    9500 | wellbeing 0.298 | wm_loss 1.8149 | td 0.0000 | planner 0.00 | seuil None | eau 5 | bouffe 3 | morts 10 | eps 1.00
step   10000 | wellbeing 0.000 | wm_loss 1.7418 | td 0.0000 | planner 0.00 | seuil None | eau 2 | bouffe 0 | morts 10 | eps 1.00
  cerveau sauvegardé → runs/fouloide_online_seed0/checkpoint_online.pt
step   10500 | wellbeing 0.000 | wm_loss 1.7267 | td 0.0000 | planner 0.00 | seuil None | eau 0 | bouffe 3 | morts 10 | eps 1.00
step   11000 | wellbeing 0.194 | wm_loss 1.7007 | td 0.0000 | planner 0.00 | seuil None | eau 1 | bouffe 1 | morts 11 | eps 1.00
step   11500 | wellbeing 0.010 | wm_loss 1.7164 | td 0.0000 | planner 0.00 | seuil None | eau 1 | bouffe 4 | morts 11 | eps 1.00
step   12000 | wellbeing 0.159 | wm_loss 1.7636 | td 0.0000 | planner 0.00 | seuil None | eau 0 | bouffe 3 | morts 12 | eps 1.00
step   12500 | wellbeing 0.001 | wm_loss 1.7259 | td 0.0000 | planner 0.00 | seuil None | eau 1 | bouffe 2 | morts 12 | eps 1.00
step   13000 | wellbeing 0.000 | wm_loss 1.7109 | td 0.0000 | planner 0.00 | seuil None | eau 2 | bouffe 2 | morts 12 | eps 1.00
step   13500 | wellbeing 0.001 | wm_loss 1.7165 | td 0.0000 | planner 0.00 | seuil None | eau 0 | bouffe 1 | morts 12 | eps 1.00
step   14000 | wellbeing 0.000 | wm_loss 1.6956 | td 0.0000 | planner 0.00 | seuil None | eau 0 | bouffe 2 | morts 12 | eps 1.00
step   14500 | wellbeing 0.000 | wm_loss 1.7037 | td 0.0000 | planner 0.00 | seuil None | eau 0 | bouffe 1 | morts 12 | eps 1.00
step   15000 | wellbeing 0.000 | wm_loss 1.6859 | td 0.0000 | planner 0.00 | seuil None | eau 0 | bouffe 3 | morts 12 | eps 1.00
  cerveau sauvegardé → runs/fouloide_online_seed0/checkpoint_online.pt
step   15500 | wellbeing 0.000 | wm_loss 1.6815 | td 0.0000 | planner 0.00 | seuil None | eau 0 | bouffe 1 | morts 12 | eps 1.00
step   16000 | wellbeing 0.000 | wm_loss 1.6951 | td 0.0000 | planner 0.00 | seuil None | eau 2 | bouffe 1 | morts 12 | eps 1.00
step   16500 | wellbeing 0.000 | wm_loss 1.6974 | td 0.0000 | planner 0.00 | seuil None | eau 1 | bouffe 2 | morts 12 | eps 1.00
step   17000 | wellbeing 0.000 | wm_loss 1.6758 | td 0.0000 | planner 0.00 | seuil None | eau 0 | bouffe 0 | morts 12 | eps 1.00
step   17500 | wellbeing 0.038 | wm_loss 1.7473 | td 0.0000 | planner 0.00 | seuil None | eau 4 | bouffe 2 | morts 13 | eps 1.00
step   18000 | wellbeing 0.207 | wm_loss 1.7130 | td 0.0000 | planner 0.00 | seuil None | eau 3 | bouffe 0 | morts 14 | eps 1.00
step   18500 | wellbeing 0.273 | wm_loss 1.7117 | td 0.0000 | planner 0.00 | seuil None | eau 0 | bouffe 2 | morts 15 | eps 1.00
step   19000 | wellbeing 0.000 | wm_loss 1.7038 | td 0.0000 | planner 0.00 | seuil None | eau 0 | bouffe 7 | morts 15 | eps 1.00
step   19500 | wellbeing 0.000 | wm_loss 1.6991 | td 0.0000 | planner 0.00 | seuil None | eau 0 | bouffe 3 | morts 15 | eps 1.00
step   20000 | wellbeing 0.000 | wm_loss 1.6959 | td 0.0000 | planner 0.00 | seuil None | eau 0 | bouffe 1 | morts 15 | eps 1.00
  cerveau sauvegardé → runs/fouloide_online_seed0/checkpoint_online.pt
step   20500 | wellbeing 0.000 | wm_loss 1.7046 | td 0.0000 | planner 0.00 | seuil None | eau 0 | bouffe 0 | morts 15 | eps 1.00
step   21000 | wellbeing 0.150 | wm_loss 1.6946 | td 0.0000 | planner 0.00 | seuil None | eau 2 | bouffe 1 | morts 16 | eps 1.00
step   21500 | wellbeing 0.092 | wm_loss 1.7475 | td 0.0000 | planner 0.00 | seuil None | eau 1 | bouffe 3 | morts 16 | eps 1.00
step   22000 | wellbeing 0.349 | wm_loss 1.6969 | td 0.0000 | planner 0.00 | seuil None | eau 1 | bouffe 1 | morts 18 | eps 1.00
step   22500 | wellbeing 0.078 | wm_loss 1.7125 | td 0.0000 | planner 0.00 | seuil None | eau 2 | bouffe 3 | morts 19 | eps 1.00
step   23000 | wellbeing 0.407 | wm_loss 1.7319 | td 0.0000 | planner 0.00 | seuil None | eau 0 | bouffe 2 | morts 21 | eps 1.00
step   23500 | wellbeing 0.000 | wm_loss 1.7319 | td 0.0000 | planner 0.00 | seuil None | eau 1 | bouffe 1 | morts 21 | eps 1.00
step   24000 | wellbeing 0.244 | wm_loss 1.7207 | td 0.0000 | planner 0.00 | seuil None | eau 1 | bouffe 4 | morts 22 | eps 1.00
step   24500 | wellbeing 0.000 | wm_loss 1.7444 | td 0.0000 | planner 0.00 | seuil None | eau 1 | bouffe 2 | morts 22 | eps 1.00
step   25000 | wellbeing 0.000 | wm_loss 1.7429 | td 0.0000 | planner 0.00 | seuil None | eau 1 | bouffe 0 | morts 22 | eps 1.00
  cerveau sauvegardé → runs/fouloide_online_seed0/checkpoint_online.pt
step   25500 | wellbeing 0.000 | wm_loss 1.7359 | td 0.0000 | planner 0.00 | seuil None | eau 1 | bouffe 2 | morts 22 | eps 1.00
step   26000 | wellbeing 0.000 | wm_loss 1.7376 | td 0.0000 | planner 0.00 | seuil None | eau 0 | bouffe 0 | morts 22 | eps 1.00
step   26500 | wellbeing 0.000 | wm_loss 1.7111 | td 0.0000 | planner 0.00 | seuil None | eau 0 | bouffe 1 | morts 22 | eps 1.00
step   27000 | wellbeing 0.000 | wm_loss 1.7243 | td 0.0000 | planner 0.00 | seuil None | eau 0 | bouffe 0 | morts 22 | eps 1.00
step   27500 | wellbeing 0.000 | wm_loss 1.7086 | td 0.0000 | planner 0.00 | seuil None | eau 0 | bouffe 0 | morts 22 | eps 1.00
step   28000 | wellbeing 0.000 | wm_loss 1.6927 | td 0.0000 | planner 0.00 | seuil None | eau 1 | bouffe 0 | morts 22 | eps 1.00
step   28500 | wellbeing 0.123 | wm_loss 1.7093 | td 0.0000 | planner 0.00 | seuil None | eau 0 | bouffe 1 | morts 23 | eps 1.00
step   29000 | wellbeing 0.033 | wm_loss 1.7160 | td 0.0000 | planner 0.00 | seuil None | eau 1 | bouffe 0 | morts 23 | eps 1.00
step   29500 | wellbeing 0.159 | wm_loss 1.6910 | td 0.0000 | planner 0.00 | seuil None | eau 0 | bouffe 2 | morts 24 | eps 1.00
step   30000 | wellbeing 0.006 | wm_loss 1.6963 | td 0.0000 | planner 0.00 | seuil None | eau 1 | bouffe 1 | morts 24 | eps 1.00
  cerveau sauvegardé → runs/fouloide_online_seed0/checkpoint_online.pt
step   30500 | wellbeing 0.011 | wm_loss 1.6743 | td 0.0000 | planner 0.00 | seuil None | eau 0 | bouffe 1 | morts 24 | eps 1.00
step   31000 | wellbeing 0.275 | wm_loss 1.7248 | td 0.0000 | planner 0.00 | seuil None | eau 2 | bouffe 1 | morts 25 | eps 1.00
step   31500 | wellbeing 0.156 | wm_loss 1.7130 | td 0.0000 | planner 0.00 | seuil None | eau 0 | bouffe 0 | morts 26 | eps 1.00
step   32000 | wellbeing 0.186 | wm_loss 1.7261 | td 0.0000 | planner 0.00 | seuil None | eau 1 | bouffe 0 | morts 27 | eps 1.00
step   32500 | wellbeing 0.000 | wm_loss 1.7118 | td 0.0000 | planner 0.00 | seuil None | eau 0 | bouffe 0 | morts 27 | eps 1.00
step   33000 | wellbeing 0.202 | wm_loss 1.7413 | td 0.0000 | planner 0.00 | seuil None | eau 2 | bouffe 1 | morts 28 | eps 1.00
step   33500 | wellbeing 0.000 | wm_loss 1.7583 | td 0.0000 | planner 0.00 | seuil None | eau 0 | bouffe 0 | morts 28 | eps 1.00
step   34000 | wellbeing 0.156 | wm_loss 1.7488 | td 0.0000 | planner 0.00 | seuil None | eau 0 | bouffe 1 | morts 29 | eps 1.00
step   34500 | wellbeing 0.038 | wm_loss 1.7294 | td 0.0000 | planner 0.00 | seuil None | eau 2 | bouffe 0 | morts 30 | eps 1.00
step   35000 | wellbeing 0.272 | wm_loss 1.7066 | td 0.0000 | planner 0.00 | seuil None | eau 0 | bouffe 0 | morts 31 | eps 1.00
  cerveau sauvegardé → runs/fouloide_online_seed0/checkpoint_online.pt
step   35500 | wellbeing 0.008 | wm_loss 1.7643 | td 0.0000 | planner 0.00 | seuil None | eau 4 | bouffe 2 | morts 31 | eps 1.00
step   36000 | wellbeing 0.227 | wm_loss 1.7246 | td 0.0000 | planner 0.00 | seuil None | eau 0 | bouffe 0 | morts 33 | eps 1.00
step   36500 | wellbeing 0.083 | wm_loss 1.7535 | td 0.0000 | planner 0.00 | seuil None | eau 0 | bouffe 0 | morts 33 | eps 1.00
step   37000 | wellbeing 0.000 | wm_loss 1.7687 | td 0.0000 | planner 0.00 | seuil None | eau 0 | bouffe 0 | morts 33 | eps 1.00
step   37500 | wellbeing 0.000 | wm_loss 1.7603 | td 0.0000 | planner 0.00 | seuil None | eau 0 | bouffe 1 | morts 33 | eps 1.00
step   38000 | wellbeing 0.000 | wm_loss 1.7838 | td 0.0000 | planner 0.00 | seuil None | eau 0 | bouffe 0 | morts 33 | eps 1.00
step   38500 | wellbeing 0.000 | wm_loss 1.7825 | td 0.0000 | planner 0.00 | seuil None | eau 0 | bouffe 0 | morts 33 | eps 1.00
step   39000 | wellbeing 0.000 | wm_loss 1.7977 | td 0.0000 | planner 0.00 | seuil None | eau 0 | bouffe 2 | morts 33 | eps 1.00
step   39500 | wellbeing 0.000 | wm_loss 1.8122 | td 0.0000 | planner 0.00 | seuil None | eau 0 | bouffe 0 | morts 33 | eps 1.00
step   40000 | wellbeing 0.000 | wm_loss 1.8260 | td 0.0000 | planner 0.00 | seuil None | eau 0 | bouffe 0 | morts 33 | eps 1.00
  cerveau sauvegardé → runs/fouloide_online_seed0/checkpoint_online.pt
step   40500 | wellbeing 0.032 | wm_loss 1.8186 | td 0.0000 | planner 0.00 | seuil None | eau 0 | bouffe 0 | morts 34 | eps 1.00
step   41000 | wellbeing 0.278 | wm_loss 1.8695 | td 0.0000 | planner 0.00 | seuil None | eau 0 | bouffe 0 | morts 35 | eps 1.00
step   41500 | wellbeing 0.155 | wm_loss 1.8329 | td 0.0000 | planner 0.00 | seuil None | eau 1 | bouffe 0 | morts 36 | eps 1.00
step   42000 | wellbeing 0.158 | wm_loss 1.8173 | td 0.0000 | planner 0.00 | seuil None | eau 0 | bouffe 1 | morts 37 | eps 1.00
step   42500 | wellbeing 0.000 | wm_loss 1.8602 | td 0.0000 | planner 0.00 | seuil None | eau 0 | bouffe 0 | morts 37 | eps 1.00
step   43000 | wellbeing 0.284 | wm_loss 1.8002 | td 0.0000 | planner 0.00 | seuil None | eau 0 | bouffe 2 | morts 39 | eps 1.00
step   43500 | wellbeing 0.290 | wm_loss 1.8565 | td 0.0000 | planner 0.00 | seuil None | eau 1 | bouffe 2 | morts 40 | eps 1.00
step   44000 | wellbeing 0.000 | wm_loss 1.8432 | td 0.0000 | planner 0.00 | seuil None | eau 0 | bouffe 0 | morts 40 | eps 1.00
step   44500 | wellbeing 0.000 | wm_loss 1.8302 | td 0.0000 | planner 0.00 | seuil None | eau 0 | bouffe 0 | morts 40 | eps 1.00
step   45000 | wellbeing 0.154 | wm_loss 1.8566 | td 0.0000 | planner 0.00 | seuil None | eau 1 | bouffe 0 | morts 41 | eps 1.00
  cerveau sauvegardé → runs/fouloide_online_seed0/checkpoint_online.pt
step   45500 | wellbeing 0.000 | wm_loss 1.8588 | td 0.0000 | planner 0.00 | seuil None | eau 1 | bouffe 0 | morts 41 | eps 1.00
step   46000 | wellbeing 0.000 | wm_loss 1.8179 | td 0.0000 | planner 0.00 | seuil None | eau 0 | bouffe 0 | morts 41 | eps 1.00
step   46500 | wellbeing 0.000 | wm_loss 1.7994 | td 0.0000 | planner 0.00 | seuil None | eau 0 | bouffe 0 | morts 41 | eps 1.00
step   47000 | wellbeing 0.000 | wm_loss 1.7947 | td 0.0000 | planner 0.00 | seuil None | eau 0 | bouffe 0 | morts 41 | eps 1.00
step   47500 | wellbeing 0.000 | wm_loss 1.8255 | td 0.0000 | planner 0.00 | seuil None | eau 0 | bouffe 0 | morts 41 | eps 1.00
step   48000 | wellbeing 0.000 | wm_loss 1.8377 | td 0.0000 | planner 0.00 | seuil None | eau 0 | bouffe 0 | morts 41 | eps 1.00
step   48500 | wellbeing 0.156 | wm_loss 1.8153 | td 0.0000 | planner 0.00 | seuil None | eau 1 | bouffe 1 | morts 42 | eps 1.00
step   49000 | wellbeing 0.314 | wm_loss 1.8092 | td 0.0000 | planner 0.00 | seuil None | eau 0 | bouffe 2 | morts 44 | eps 1.00
step   49500 | wellbeing 0.156 | wm_loss 1.8458 | td 0.0000 | planner 0.00 | seuil None | eau 0 | bouffe 0 | morts 45 | eps 1.00
step   50000 | wellbeing 0.155 | wm_loss 1.8726 | td 0.0000 | planner 0.00 | seuil None | eau 1 | bouffe 1 | morts 46 | eps 1.00
  cerveau sauvegardé → runs/fouloide_online_seed0/checkpoint_online.pt
step   50500 | wellbeing 0.000 | wm_loss 1.8299 | td 0.0000 | planner 0.00 | seuil None | eau 1 | bouffe 0 | morts 46 | eps 1.00
step   51000 | wellbeing 0.000 | wm_loss 1.8152 | td 0.0000 | planner 0.00 | seuil None | eau 1 | bouffe 0 | morts 46 | eps 1.00
step   51500 | wellbeing 0.000 | wm_loss 1.8305 | td 0.0000 | planner 0.00 | seuil None | eau 1 | bouffe 0 | morts 46 | eps 1.00
step   52000 | wellbeing 0.126 | wm_loss 1.9239 | td 0.0000 | planner 0.00 | seuil None | eau 0 | bouffe 0 | morts 47 | eps 1.00
step   52500 | wellbeing 0.028 | wm_loss 1.9241 | td 0.0000 | planner 0.00 | seuil None | eau 0 | bouffe 0 | morts 47 | eps 1.00
step   53000 | wellbeing 0.000 | wm_loss 1.8560 | td 0.0000 | planner 0.00 | seuil None | eau 1 | bouffe 1 | morts 47 | eps 1.00
step   53500 | wellbeing 0.123 | wm_loss 1.9993 | td 0.0000 | planner 0.00 | seuil None | eau 1 | bouffe 1 | morts 48 | eps 1.00
step   54000 | wellbeing 0.018 | wm_loss 1.9150 | td 0.0000 | planner 0.00 | seuil None | eau 0 | bouffe 2 | morts 48 | eps 1.00
step   54500 | wellbeing 0.000 | wm_loss 1.8639 | td 0.0000 | planner 0.00 | seuil None | eau 2 | bouffe 0 | morts 48 | eps 1.00
step   55000 | wellbeing 0.000 | wm_loss 1.8656 | td 0.0000 | planner 0.00 | seuil None | eau 0 | bouffe 2 | morts 48 | eps 1.00
  cerveau sauvegardé → runs/fouloide_online_seed0/checkpoint_online.pt
step   55500 | wellbeing 0.000 | wm_loss 1.9040 | td 0.0000 | planner 0.00 | seuil None | eau 0 | bouffe 1 | morts 48 | eps 1.00
step   56000 | wellbeing 0.000 | wm_loss 1.8497 | td 0.0000 | planner 0.00 | seuil None | eau 1 | bouffe 1 | morts 48 | eps 1.00
step   56500 | wellbeing 0.000 | wm_loss 1.8430 | td 0.0000 | planner 0.00 | seuil None | eau 0 | bouffe 1 | morts 48 | eps 1.00
step   57000 | wellbeing 0.000 | wm_loss 1.8532 | td 0.0000 | planner 0.00 | seuil None | eau 0 | bouffe 2 | morts 48 | eps 1.00
step   57500 | wellbeing 0.000 | wm_loss 1.8883 | td 0.0000 | planner 0.00 | seuil None | eau 0 | bouffe 1 | morts 48 | eps 1.00
step   58000 | wellbeing 0.000 | wm_loss 1.8156 | td 0.0000 | planner 0.00 | seuil None | eau 0 | bouffe 0 | morts 48 | eps 1.00
step   58500 | wellbeing 0.000 | wm_loss 1.9455 | td 0.0000 | planner 0.00 | seuil None | eau 0 | bouffe 0 | morts 48 | eps 1.00
step   59000 | wellbeing 0.000 | wm_loss 1.8863 | td 0.0000 | planner 0.00 | seuil None | eau 1 | bouffe 0 | morts 48 | eps 1.00
step   59500 | wellbeing 0.000 | wm_loss 1.8951 | td 0.0000 | planner 0.00 | seuil None | eau 0 | bouffe 1 | morts 48 | eps 1.00
step   60000 | wellbeing 0.000 | wm_loss 1.9377 | td 0.0000 | planner 0.00 | seuil None | eau 0 | bouffe 2 | morts 48 | eps 1.00
  cerveau sauvegardé → runs/fouloide_online_seed0/checkpoint_online.pt
step   60500 | wellbeing 0.000 | wm_loss 1.9338 | td 0.0000 | planner 0.00 | seuil None | eau 0 | bouffe 0 | morts 48 | eps 1.00
step   61000 | wellbeing 0.000 | wm_loss 1.9323 | td 0.0000 | planner 0.00 | seuil None | eau 0 | bouffe 3 | morts 48 | eps 1.00
step   61500 | wellbeing 0.000 | wm_loss 1.9139 | td 0.0000 | planner 0.00 | seuil None | eau 0 | bouffe 3 | morts 48 | eps 1.00
step   62000 | wellbeing 0.000 | wm_loss 1.9645 | td 0.0000 | planner 0.00 | seuil None | eau 0 | bouffe 2 | morts 48 | eps 1.00
step   62500 | wellbeing 0.000 | wm_loss 2.0133 | td 0.0000 | planner 0.00 | seuil None | eau 0 | bouffe 2 | morts 48 | eps 1.00
step   63000 | wellbeing 0.000 | wm_loss 1.9716 | td 0.0000 | planner 0.00 | seuil None | eau 0 | bouffe 2 | morts 48 | eps 1.00
step   63500 | wellbeing 0.000 | wm_loss 1.9503 | td 0.0000 | planner 0.00 | seuil None | eau 0 | bouffe 1 | morts 48 | eps 1.00
step   64000 | wellbeing 0.000 | wm_loss 1.9708 | td 0.0000 | planner 0.00 | seuil None | eau 0 | bouffe 1 | morts 48 | eps 1.00
step   64500 | wellbeing 0.448 | wm_loss 1.9455 | td 0.0000 | planner 0.00 | seuil None | eau 4 | bouffe 2 | morts 49 | eps 1.00
step   65000 | wellbeing 0.057 | wm_loss 1.9412 | td 0.0000 | planner 0.00 | seuil None | eau 1 | bouffe 1 | morts 49 | eps 1.00
  cerveau sauvegardé → runs/fouloide_online_seed0/checkpoint_online.pt
step   65500 | wellbeing 0.000 | wm_loss 1.9838 | td 0.0000 | planner 0.00 | seuil None | eau 0 | bouffe 0 | morts 49 | eps 1.00
step   66000 | wellbeing 0.000 | wm_loss 1.9538 | td 0.0000 | planner 0.00 | seuil None | eau 0 | bouffe 0 | morts 49 | eps 1.00
step   66500 | wellbeing 0.000 | wm_loss 1.9194 | td 0.0000 | planner 0.00 | seuil None | eau 0 | bouffe 0 | morts 49 | eps 1.00
step   67000 | wellbeing 0.000 | wm_loss 1.9886 | td 0.0000 | planner 0.00 | seuil None | eau 2 | bouffe 2 | morts 49 | eps 1.00
step   67500 | wellbeing 0.000 | wm_loss 1.9897 | td 0.0000 | planner 0.00 | seuil None | eau 0 | bouffe 1 | morts 49 | eps 1.00
step   68000 | wellbeing 0.000 | wm_loss 1.9817 | td 0.0000 | planner 0.00 | seuil None | eau 0 | bouffe 1 | morts 49 | eps 1.00
step   68500 | wellbeing 0.000 | wm_loss 1.9603 | td 0.0000 | planner 0.00 | seuil None | eau 0 | bouffe 1 | morts 49 | eps 1.00
step   69000 | wellbeing 0.000 | wm_loss 1.9956 | td 0.0000 | planner 0.00 | seuil None | eau 0 | bouffe 2 | morts 49 | eps 1.00
step   69500 | wellbeing 0.000 | wm_loss 2.0257 | td 0.0000 | planner 0.00 | seuil None | eau 0 | bouffe 1 | morts 49 | eps 1.00
step   70000 | wellbeing 0.000 | wm_loss 1.9676 | td 0.0000 | planner 0.00 | seuil None | eau 0 | bouffe 0 | morts 49 | eps 1.00
  cerveau sauvegardé → runs/fouloide_online_seed0/checkpoint_online.pt
step   70500 | wellbeing 0.000 | wm_loss 2.0008 | td 0.0000 | planner 0.00 | seuil None | eau 0 | bouffe 0 | morts 49 | eps 1.00
step   71000 | wellbeing 0.000 | wm_loss 2.0014 | td 0.0000 | planner 0.00 | seuil None | eau 0 | bouffe 2 | morts 49 | eps 1.00
step   71500 | wellbeing 0.000 | wm_loss 1.9501 | td 0.0000 | planner 0.00 | seuil None | eau 0 | bouffe 0 | morts 49 | eps 1.00
step   72000 | wellbeing 0.000 | wm_loss 1.9565 | td 0.0000 | planner 0.00 | seuil None | eau 0 | bouffe 3 | morts 49 | eps 1.00
step   72500 | wellbeing 0.000 | wm_loss 2.0003 | td 0.0000 | planner 0.00 | seuil None | eau 0 | bouffe 2 | morts 49 | eps 1.00
step   73000 | wellbeing 0.000 | wm_loss 2.0160 | td 0.0000 | planner 0.00 | seuil None | eau 0 | bouffe 2 | morts 49 | eps 1.00
step   73500 | wellbeing 0.000 | wm_loss 1.9587 | td 0.0000 | planner 0.00 | seuil None | eau 0 | bouffe 3 | morts 49 | eps 1.00
step   74000 | wellbeing 0.000 | wm_loss 1.9669 | td 0.0000 | planner 0.00 | seuil None | eau 0 | bouffe 3 | morts 49 | eps 1.00
step   74500 | wellbeing 0.000 | wm_loss 1.9293 | td 0.0000 | planner 0.00 | seuil None | eau 0 | bouffe 2 | morts 49 | eps 1.00
step   75000 | wellbeing 0.000 | wm_loss 1.9684 | td 0.0000 | planner 0.00 | seuil None | eau 0 | bouffe 3 | morts 49 | eps 1.00
  cerveau sauvegardé → runs/fouloide_online_seed0/checkpoint_online.pt
step   75500 | wellbeing 0.000 | wm_loss 1.9956 | td 0.0000 | planner 0.00 | seuil None | eau 0 | bouffe 1 | morts 49 | eps 1.00
step   76000 | wellbeing 0.000 | wm_loss 1.9737 | td 0.0000 | planner 0.00 | seuil None | eau 0 | bouffe 2 | morts 49 | eps 1.00
step   76500 | wellbeing 0.000 | wm_loss 1.9699 | td 0.0000 | planner 0.00 | seuil None | eau 0 | bouffe 1 | morts 49 | eps 1.00
step   77000 | wellbeing 0.000 | wm_loss 2.0027 | td 0.0000 | planner 0.00 | seuil None | eau 0 | bouffe 2 | morts 49 | eps 1.00
step   77500 | wellbeing 0.000 | wm_loss 1.9673 | td 0.0000 | planner 0.00 | seuil None | eau 0 | bouffe 3 | morts 49 | eps 1.00
step   78000 | wellbeing 0.000 | wm_loss 1.9948 | td 0.0000 | planner 0.00 | seuil None | eau 0 | bouffe 1 | morts 49 | eps 1.00
step   78500 | wellbeing 0.000 | wm_loss 1.9558 | td 0.0000 | planner 0.00 | seuil None | eau 0 | bouffe 1 | morts 49 | eps 1.00
step   79000 | wellbeing 0.000 | wm_loss 1.9984 | td 0.0000 | planner 0.00 | seuil None | eau 1 | bouffe 0 | morts 49 | eps 1.00
step   79500 | wellbeing 0.000 | wm_loss 1.9566 | td 0.0000 | planner 0.00 | seuil None | eau 0 | bouffe 1 | morts 49 | eps 1.00
step   80000 | wellbeing 0.000 | wm_loss 2.0055 | td 0.0000 | planner 0.00 | seuil None | eau 0 | bouffe 2 | morts 49 | eps 1.00
  cerveau sauvegardé → runs/fouloide_online_seed0/checkpoint_online.pt
step   80500 | wellbeing 0.000 | wm_loss 1.9707 | td 0.0000 | planner 0.00 | seuil None | eau 0 | bouffe 2 | morts 49 | eps 1.00
step   81000 | wellbeing 0.000 | wm_loss 2.0568 | td 0.0000 | planner 0.00 | seuil None | eau 0 | bouffe 2 | morts 49 | eps 1.00
step   81500 | wellbeing 0.000 | wm_loss 2.0002 | td 0.0000 | planner 0.00 | seuil None | eau 0 | bouffe 1 | morts 49 | eps 1.00
step   82000 | wellbeing 0.000 | wm_loss 1.9603 | td 0.0000 | planner 0.00 | seuil None | eau 1 | bouffe 2 | morts 49 | eps 1.00
step   82500 | wellbeing 0.000 | wm_loss 1.9863 | td 0.0000 | planner 0.00 | seuil None | eau 0 | bouffe 2 | morts 49 | eps 1.00
step   83000 | wellbeing 0.000 | wm_loss 1.9615 | td 0.0000 | planner 0.00 | seuil None | eau 3 | bouffe 0 | morts 49 | eps 1.00
step   83500 | wellbeing 0.000 | wm_loss 1.9762 | td 0.0000 | planner 0.00 | seuil None | eau 2 | bouffe 0 | morts 49 | eps 1.00
step   84000 | wellbeing 0.000 | wm_loss 2.0328 | td 0.0000 | planner 0.00 | seuil None | eau 2 | bouffe 1 | morts 49 | eps 1.00
step   84500 | wellbeing 0.242 | wm_loss 2.0214 | td 0.0000 | planner 0.00 | seuil None | eau 1 | bouffe 2 | morts 50 | eps 1.00
step   85000 | wellbeing 0.000 | wm_loss 1.9987 | td 0.0000 | planner 0.00 | seuil None | eau 1 | bouffe 0 | morts 50 | eps 1.00
  cerveau sauvegardé → runs/fouloide_online_seed0/checkpoint_online.pt
step   85500 | wellbeing 0.000 | wm_loss 1.9862 | td 0.0000 | planner 0.00 | seuil None | eau 2 | bouffe 0 | morts 50 | eps 1.00
step   86000 | wellbeing 0.000 | wm_loss 2.0223 | td 0.0000 | planner 0.00 | seuil None | eau 3 | bouffe 0 | morts 50 | eps 1.00
step   86500 | wellbeing 0.000 | wm_loss 1.9678 | td 0.0000 | planner 0.00 | seuil None | eau 2 | bouffe 0 | morts 50 | eps 1.00
step   87000 | wellbeing 0.000 | wm_loss 2.0169 | td 0.0000 | planner 0.00 | seuil None | eau 2 | bouffe 1 | morts 50 | eps 1.00
step   87500 | wellbeing 0.000 | wm_loss 2.0018 | td 0.0000 | planner 0.00 | seuil None | eau 1 | bouffe 0 | morts 50 | eps 1.00
step   88000 | wellbeing 0.000 | wm_loss 1.9806 | td 0.0000 | planner 0.00 | seuil None | eau 2 | bouffe 0 | morts 50 | eps 1.00
step   88500 | wellbeing 0.202 | wm_loss 2.0159 | td 0.0000 | planner 0.00 | seuil None | eau 1 | bouffe 1 | morts 51 | eps 1.00
step   89000 | wellbeing 0.000 | wm_loss 1.9784 | td 0.0000 | planner 0.00 | seuil None | eau 0 | bouffe 1 | morts 51 | eps 1.00
step   89500 | wellbeing 0.015 | wm_loss 2.0108 | td 0.0000 | planner 0.00 | seuil None | eau 2 | bouffe 2 | morts 51 | eps 1.00
step   90000 | wellbeing 0.000 | wm_loss 1.9612 | td 0.0000 | planner 0.00 | seuil None | eau 1 | bouffe 0 | morts 51 | eps 1.00
  cerveau sauvegardé → runs/fouloide_online_seed0/checkpoint_online.pt
step   90500 | wellbeing 0.023 | wm_loss 1.9724 | td 0.0000 | planner 0.00 | seuil None | eau 2 | bouffe 3 | morts 51 | eps 1.00
step   91000 | wellbeing 0.000 | wm_loss 1.9422 | td 0.0000 | planner 0.00 | seuil None | eau 1 | bouffe 1 | morts 51 | eps 1.00
step   91500 | wellbeing 0.140 | wm_loss 2.0076 | td 0.0000 | planner 0.00 | seuil None | eau 4 | bouffe 4 | morts 51 | eps 1.00
step   92000 | wellbeing 0.000 | wm_loss 2.0170 | td 0.0000 | planner 0.00 | seuil None | eau 2 | bouffe 4 | morts 51 | eps 1.00
step   92500 | wellbeing 0.132 | wm_loss 2.0416 | td 0.0000 | planner 0.00 | seuil None | eau 5 | bouffe 2 | morts 51 | eps 1.00
step   93000 | wellbeing 0.054 | wm_loss 1.9645 | td 0.0000 | planner 0.00 | seuil None | eau 3 | bouffe 4 | morts 51 | eps 1.00
step   93500 | wellbeing 0.018 | wm_loss 1.9917 | td 0.0000 | planner 0.00 | seuil None | eau 3 | bouffe 3 | morts 51 | eps 1.00
step   94000 | wellbeing 0.026 | wm_loss 1.9820 | td 0.0000 | planner 0.00 | seuil None | eau 3 | bouffe 3 | morts 51 | eps 1.00
step   94500 | wellbeing 0.071 | wm_loss 1.9954 | td 0.0000 | planner 0.00 | seuil None | eau 4 | bouffe 3 | morts 51 | eps 1.00
step   95000 | wellbeing 0.003 | wm_loss 1.9826 | td 0.0000 | planner 0.00 | seuil None | eau 2 | bouffe 1 | morts 51 | eps 1.00
  cerveau sauvegardé → runs/fouloide_online_seed0/checkpoint_online.pt
step   95500 | wellbeing 0.002 | wm_loss 1.9830 | td 0.0000 | planner 0.00 | seuil None | eau 4 | bouffe 1 | morts 51 | eps 1.00
step   96000 | wellbeing 0.013 | wm_loss 1.9674 | td 0.0000 | planner 0.00 | seuil None | eau 3 | bouffe 1 | morts 51 | eps 1.00
step   96500 | wellbeing 0.000 | wm_loss 2.0280 | td 0.0000 | planner 0.00 | seuil None | eau 2 | bouffe 1 | morts 51 | eps 1.00
step   97000 | wellbeing 0.006 | wm_loss 1.9734 | td 0.0000 | planner 0.00 | seuil None | eau 3 | bouffe 2 | morts 51 | eps 1.00
step   97500 | wellbeing 0.004 | wm_loss 1.9776 | td 0.0000 | planner 0.00 | seuil None | eau 2 | bouffe 2 | morts 51 | eps 1.00
step   98000 | wellbeing 0.000 | wm_loss 1.9863 | td 0.0000 | planner 0.00 | seuil None | eau 0 | bouffe 1 | morts 51 | eps 1.00
step   98500 | wellbeing 0.000 | wm_loss 1.9603 | td 0.0000 | planner 0.00 | seuil None | eau 0 | bouffe 1 | morts 51 | eps 1.00
step   99000 | wellbeing 0.000 | wm_loss 1.9371 | td 0.0000 | planner 0.00 | seuil None | eau 1 | bouffe 0 | morts 51 | eps 1.00
step   99500 | wellbeing 0.000 | wm_loss 1.9385 | td 0.0000 | planner 0.00 | seuil None | eau 0 | bouffe 0 | morts 51 | eps 1.00
step  100000 | wellbeing 0.000 | wm_loss 2.0074 | td 0.0000 | planner 0.00 | seuil None | eau 0 | bouffe 1 | morts 51 | eps 1.00
  cerveau sauvegardé → runs/fouloide_online_seed0/checkpoint_online.pt
step  100500 | wellbeing 0.000 | wm_loss 1.9365 | td 0.0000 | planner 0.00 | seuil None | eau 0 | bouffe 1 | morts 51 | eps 1.00
step  101000 | wellbeing 0.000 | wm_loss 1.9864 | td 0.0000 | planner 0.00 | seuil None | eau 0 | bouffe 0 | morts 51 | eps 1.00
step  101500 | wellbeing 0.000 | wm_loss 1.9842 | td 0.0000 | planner 0.00 | seuil None | eau 0 | bouffe 0 | morts 51 | eps 1.00
step  102000 | wellbeing 0.000 | wm_loss 1.9920 | td 0.0000 | planner 0.00 | seuil None | eau 0 | bouffe 0 | morts 51 | eps 1.00
step  102500 | wellbeing 0.000 | wm_loss 1.9829 | td 0.0000 | planner 0.00 | seuil None | eau 0 | bouffe 1 | morts 51 | eps 1.00
step  103000 | wellbeing 0.000 | wm_loss 1.9675 | td 0.0000 | planner 0.00 | seuil None | eau 3 | bouffe 0 | morts 51 | eps 1.00
step  103500 | wellbeing 0.000 | wm_loss 1.9736 | td 0.0000 | planner 0.00 | seuil None | eau 0 | bouffe 1 | morts 51 | eps 1.00
step  104000 | wellbeing 0.000 | wm_loss 2.0043 | td 0.0000 | planner 0.00 | seuil None | eau 1 | bouffe 1 | morts 51 | eps 1.00
step  104500 | wellbeing 0.008 | wm_loss 1.9307 | td 0.0000 | planner 0.00 | seuil None | eau 2 | bouffe 2 | morts 51 | eps 1.00
step  105000 | wellbeing 0.025 | wm_loss 1.9343 | td 0.0000 | planner 0.00 | seuil None | eau 2 | bouffe 1 | morts 51 | eps 1.00
  cerveau sauvegardé → runs/fouloide_online_seed0/checkpoint_online.pt
step  105500 | wellbeing 0.008 | wm_loss 1.9436 | td 0.0000 | planner 0.00 | seuil None | eau 1 | bouffe 3 | morts 51 | eps 1.00
step  106000 | wellbeing 0.007 | wm_loss 1.9770 | td 0.0000 | planner 0.00 | seuil None | eau 2 | bouffe 2 | morts 51 | eps 1.00
step  106500 | wellbeing 0.000 | wm_loss 1.9820 | td 0.0000 | planner 0.00 | seuil None | eau 0 | bouffe 0 | morts 51 | eps 1.00
step  107000 | wellbeing 0.000 | wm_loss 1.9398 | td 0.0000 | planner 0.00 | seuil None | eau 0 | bouffe 0 | morts 51 | eps 1.00
step  107500 | wellbeing 0.156 | wm_loss 1.9047 | td 0.0000 | planner 0.00 | seuil None | eau 0 | bouffe 1 | morts 52 | eps 1.00
step  108000 | wellbeing 0.155 | wm_loss 1.9434 | td 0.0000 | planner 0.00 | seuil None | eau 0 | bouffe 2 | morts 53 | eps 1.00
step  108500 | wellbeing 0.012 | wm_loss 1.9883 | td 0.0000 | planner 0.00 | seuil None | eau 1 | bouffe 0 | morts 53 | eps 1.00
step  109000 | wellbeing 0.000 | wm_loss 1.9684 | td 0.0000 | planner 0.00 | seuil None | eau 0 | bouffe 0 | morts 53 | eps 1.00
step  109500 | wellbeing 0.000 | wm_loss 1.8991 | td 0.0000 | planner 0.00 | seuil None | eau 0 | bouffe 2 | morts 53 | eps 1.00
step  110000 | wellbeing 0.159 | wm_loss 1.9538 | td 0.0000 | planner 0.00 | seuil None | eau 0 | bouffe 3 | morts 54 | eps 1.00
  cerveau sauvegardé → runs/fouloide_online_seed0/checkpoint_online.pt
step  110500 | wellbeing 0.000 | wm_loss 1.9431 | td 0.0000 | planner 0.00 | seuil None | eau 0 | bouffe 5 | morts 54 | eps 1.00
step  111000 | wellbeing 0.000 | wm_loss 1.9167 | td 0.0000 | planner 0.00 | seuil None | eau 1 | bouffe 1 | morts 54 | eps 1.00
step  111500 | wellbeing 0.000 | wm_loss 1.9481 | td 0.0000 | planner 0.00 | seuil None | eau 0 | bouffe 0 | morts 54 | eps 1.00
step  112000 | wellbeing 0.000 | wm_loss 1.9143 | td 0.0000 | planner 0.00 | seuil None | eau 0 | bouffe 0 | morts 54 | eps 1.00
step  112500 | wellbeing 0.000 | wm_loss 1.9472 | td 0.0000 | planner 0.00 | seuil None | eau 0 | bouffe 0 | morts 54 | eps 1.00
step  113000 | wellbeing 0.000 | wm_loss 1.9344 | td 0.0000 | planner 0.00 | seuil None | eau 2 | bouffe 0 | morts 54 | eps 1.00
step  113500 | wellbeing 0.000 | wm_loss 1.9093 | td 0.0000 | planner 0.00 | seuil None | eau 0 | bouffe 0 | morts 54 | eps 1.00
step  114000 | wellbeing 0.000 | wm_loss 1.8787 | td 0.0000 | planner 0.00 | seuil None | eau 1 | bouffe 0 | morts 54 | eps 1.00
step  114500 | wellbeing 0.000 | wm_loss 1.9665 | td 0.0000 | planner 0.00 | seuil None | eau 2 | bouffe 0 | morts 54 | eps 1.00
step  115000 | wellbeing 0.000 | wm_loss 1.8985 | td 0.0000 | planner 0.00 | seuil None | eau 1 | bouffe 0 | morts 54 | eps 1.00
  cerveau sauvegardé → runs/fouloide_online_seed0/checkpoint_online.pt
step  115500 | wellbeing 0.000 | wm_loss 1.8783 | td 0.0000 | planner 0.00 | seuil None | eau 0 | bouffe 0 | morts 54 | eps 1.00
step  116000 | wellbeing 0.000 | wm_loss 1.9222 | td 0.0000 | planner 0.00 | seuil None | eau 3 | bouffe 0 | morts 54 | eps 1.00
step  116500 | wellbeing 0.000 | wm_loss 1.8518 | td 0.0000 | planner 0.00 | seuil None | eau 3 | bouffe 0 | morts 54 | eps 1.00
step  117000 | wellbeing 0.000 | wm_loss 1.8311 | td 0.0000 | planner 0.00 | seuil None | eau 0 | bouffe 2 | morts 54 | eps 1.00
step  117500 | wellbeing 0.024 | wm_loss 1.9070 | td 0.0000 | planner 0.00 | seuil None | eau 2 | bouffe 3 | morts 54 | eps 1.00
step  118000 | wellbeing 0.000 | wm_loss 1.9108 | td 0.0000 | planner 0.00 | seuil None | eau 0 | bouffe 4 | morts 54 | eps 1.00
step  118500 | wellbeing 0.006 | wm_loss 1.8944 | td 0.0000 | planner 0.00 | seuil None | eau 1 | bouffe 4 | morts 54 | eps 1.00
step  119000 | wellbeing 0.000 | wm_loss 1.9227 | td 0.0000 | planner 0.00 | seuil None | eau 0 | bouffe 0 | morts 54 | eps 1.00
step  119500 | wellbeing 0.000 | wm_loss 1.8589 | td 0.0000 | planner 0.00 | seuil None | eau 0 | bouffe 3 | morts 54 | eps 1.00
step  120000 | wellbeing 0.000 | wm_loss 1.8521 | td 0.0000 | planner 0.00 | seuil None | eau 0 | bouffe 3 | morts 54 | eps 1.00
  cerveau sauvegardé → runs/fouloide_online_seed0/checkpoint_online.pt
step  120500 | wellbeing 0.000 | wm_loss 1.8934 | td 0.0000 | planner 0.00 | seuil None | eau 0 | bouffe 4 | morts 54 | eps 1.00
step  121000 | wellbeing 0.000 | wm_loss 1.8629 | td 0.0000 | planner 0.00 | seuil None | eau 0 | bouffe 4 | morts 54 | eps 1.00
step  121500 | wellbeing 0.000 | wm_loss 1.9062 | td 0.0000 | planner 0.00 | seuil None | eau 0 | bouffe 5 | morts 54 | eps 1.00
step  122000 | wellbeing 0.000 | wm_loss 1.8689 | td 0.0000 | planner 0.00 | seuil None | eau 0 | bouffe 5 | morts 54 | eps 1.00
step  122500 | wellbeing 0.000 | wm_loss 1.8884 | td 0.0000 | planner 0.00 | seuil None | eau 0 | bouffe 4 | morts 54 | eps 1.00
step  123000 | wellbeing 0.000 | wm_loss 1.8739 | td 0.0000 | planner 0.00 | seuil None | eau 0 | bouffe 3 | morts 54 | eps 1.00
step  123500 | wellbeing 0.000 | wm_loss 1.8725 | td 0.0000 | planner 0.00 | seuil None | eau 0 | bouffe 7 | morts 54 | eps 1.00
step  124000 | wellbeing 0.000 | wm_loss 1.8975 | td 0.0000 | planner 0.00 | seuil None | eau 0 | bouffe 7 | morts 54 | eps 1.00
step  124500 | wellbeing 0.000 | wm_loss 1.8311 | td 0.0000 | planner 0.00 | seuil None | eau 0 | bouffe 4 | morts 54 | eps 1.00
step  125000 | wellbeing 0.000 | wm_loss 1.9189 | td 0.0000 | planner 0.00 | seuil None | eau 0 | bouffe 5 | morts 54 | eps 1.00
  cerveau sauvegardé → runs/fouloide_online_seed0/checkpoint_online.pt
step  125500 | wellbeing 0.036 | wm_loss 1.8720 | td 0.0000 | planner 0.00 | seuil None | eau 0 | bouffe 0 | morts 55 | eps 1.00
step  126000 | wellbeing 0.119 | wm_loss 1.9172 | td 0.0000 | planner 0.00 | seuil None | eau 0 | bouffe 0 | morts 55 | eps 1.00
step  126500 | wellbeing 0.154 | wm_loss 1.8585 | td 0.0000 | planner 0.00 | seuil None | eau 0 | bouffe 1 | morts 56 | eps 1.00
step  127000 | wellbeing 0.159 | wm_loss 1.8885 | td 0.0000 | planner 0.00 | seuil None | eau 0 | bouffe 3 | morts 57 | eps 1.00
step  127500 | wellbeing 0.000 | wm_loss 1.9358 | td 0.0000 | planner 0.00 | seuil None | eau 0 | bouffe 1 | morts 57 | eps 1.00
step  128000 | wellbeing 0.000 | wm_loss 1.8827 | td 0.0000 | planner 0.00 | seuil None | eau 0 | bouffe 0 | morts 57 | eps 1.00
step  128500 | wellbeing 0.000 | wm_loss 1.9381 | td 0.0000 | planner 0.00 | seuil None | eau 0 | bouffe 0 | morts 57 | eps 1.00
step  129000 | wellbeing 0.000 | wm_loss 1.8457 | td 0.0000 | planner 0.00 | seuil None | eau 0 | bouffe 0 | morts 57 | eps 1.00
step  129500 | wellbeing 0.000 | wm_loss 1.8635 | td 0.0000 | planner 0.00 | seuil None | eau 0 | bouffe 0 | morts 57 | eps 1.00
step  130000 | wellbeing 0.000 | wm_loss 1.9537 | td 0.0000 | planner 0.00 | seuil None | eau 0 | bouffe 1 | morts 57 | eps 1.00
  cerveau sauvegardé → runs/fouloide_online_seed0/checkpoint_online.pt
step  130500 | wellbeing 0.000 | wm_loss 1.8970 | td 0.0000 | planner 0.00 | seuil None | eau 0 | bouffe 0 | morts 57 | eps 1.00
step  131000 | wellbeing 0.000 | wm_loss 1.9004 | td 0.0000 | planner 0.00 | seuil None | eau 0 | bouffe 0 | morts 57 | eps 1.00
step  131500 | wellbeing 0.000 | wm_loss 1.9051 | td 0.0000 | planner 0.00 | seuil None | eau 0 | bouffe 1 | morts 57 | eps 1.00
step  132000 | wellbeing 0.000 | wm_loss 1.8832 | td 0.0000 | planner 0.00 | seuil None | eau 0 | bouffe 2 | morts 57 | eps 1.00
step  132500 | wellbeing 0.000 | wm_loss 1.9037 | td 0.0000 | planner 0.00 | seuil None | eau 0 | bouffe 0 | morts 57 | eps 1.00
step  133000 | wellbeing 0.000 | wm_loss 1.8615 | td 0.0000 | planner 0.00 | seuil None | eau 0 | bouffe 1 | morts 57 | eps 1.00
step  133500 | wellbeing 0.000 | wm_loss 1.9464 | td 0.0000 | planner 0.00 | seuil None | eau 0 | bouffe 3 | morts 57 | eps 1.00
step  134000 | wellbeing 0.000 | wm_loss 1.8582 | td 0.0000 | planner 0.00 | seuil None | eau 0 | bouffe 2 | morts 57 | eps 1.00
step  134500 | wellbeing 0.038 | wm_loss 1.9001 | td 0.0000 | planner 0.00 | seuil None | eau 2 | bouffe 2 | morts 58 | eps 1.00
step  135000 | wellbeing 0.180 | wm_loss 1.8604 | td 0.0000 | planner 0.00 | seuil None | eau 1 | bouffe 1 | morts 59 | eps 1.00
  cerveau sauvegardé → runs/fouloide_online_seed0/checkpoint_online.pt
step  135500 | wellbeing 0.001 | wm_loss 1.9127 | td 0.0000 | planner 0.00 | seuil None | eau 0 | bouffe 3 | morts 59 | eps 1.00
step  136000 | wellbeing 0.000 | wm_loss 1.8851 | td 0.0000 | planner 0.00 | seuil None | eau 0 | bouffe 1 | morts 59 | eps 1.00
step  136500 | wellbeing 0.000 | wm_loss 1.8918 | td 0.0000 | planner 0.00 | seuil None | eau 0 | bouffe 3 | morts 59 | eps 1.00
step  137000 | wellbeing 0.449 | wm_loss 1.9419 | td 0.0000 | planner 0.00 | seuil None | eau 2 | bouffe 1 | morts 61 | eps 1.00
step  137500 | wellbeing 0.001 | wm_loss 1.9018 | td 0.0000 | planner 0.00 | seuil None | eau 1 | bouffe 1 | morts 61 | eps 1.00
step  138000 | wellbeing 0.134 | wm_loss 1.9198 | td 0.0000 | planner 0.00 | seuil None | eau 2 | bouffe 0 | morts 62 | eps 1.00
step  138500 | wellbeing 0.231 | wm_loss 1.8851 | td 0.0000 | planner 0.00 | seuil None | eau 1 | bouffe 1 | morts 63 | eps 1.00
step  139000 | wellbeing 0.270 | wm_loss 1.8746 | td 0.0000 | planner 0.00 | seuil None | eau 1 | bouffe 1 | morts 65 | eps 1.00
step  139500 | wellbeing 0.178 | wm_loss 1.8844 | td 0.0000 | planner 0.00 | seuil None | eau 0 | bouffe 1 | morts 65 | eps 1.00
step  140000 | wellbeing 0.156 | wm_loss 1.8996 | td 0.0000 | planner 0.00 | seuil None | eau 0 | bouffe 2 | morts 66 | eps 1.00
  cerveau sauvegardé → runs/fouloide_online_seed0/checkpoint_online.pt
step  140500 | wellbeing 0.000 | wm_loss 1.9134 | td 0.0000 | planner 0.00 | seuil None | eau 0 | bouffe 3 | morts 66 | eps 1.00
step  141000 | wellbeing 0.000 | wm_loss 1.9013 | td 0.0000 | planner 0.00 | seuil None | eau 0 | bouffe 0 | morts 66 | eps 1.00
step  141500 | wellbeing 0.154 | wm_loss 1.8525 | td 0.0000 | planner 0.00 | seuil None | eau 3 | bouffe 0 | morts 67 | eps 1.00
step  142000 | wellbeing 0.075 | wm_loss 1.8880 | td 0.0000 | planner 0.00 | seuil None | eau 5 | bouffe 3 | morts 67 | eps 1.00
step  142500 | wellbeing 0.031 | wm_loss 1.9063 | td 0.0000 | planner 0.00 | seuil None | eau 5 | bouffe 2 | morts 67 | eps 1.00
step  143000 | wellbeing 0.058 | wm_loss 1.8789 | td 0.0000 | planner 0.00 | seuil None | eau 5 | bouffe 3 | morts 67 | eps 1.00
step  143500 | wellbeing 0.003 | wm_loss 1.9068 | td 0.0000 | planner 0.00 | seuil None | eau 3 | bouffe 3 | morts 67 | eps 1.00
step  144000 | wellbeing 0.156 | wm_loss 1.8778 | td 0.0000 | planner 0.00 | seuil None | eau 4 | bouffe 0 | morts 68 | eps 1.00
step  144500 | wellbeing 0.000 | wm_loss 1.9209 | td 0.0000 | planner 0.00 | seuil None | eau 4 | bouffe 0 | morts 68 | eps 1.00
step  145000 | wellbeing 0.000 | wm_loss 1.9362 | td 0.0000 | planner 0.00 | seuil None | eau 3 | bouffe 0 | morts 68 | eps 1.00
  cerveau sauvegardé → runs/fouloide_online_seed0/checkpoint_online.pt
step  145500 | wellbeing 0.000 | wm_loss 1.8870 | td 0.0000 | planner 0.00 | seuil None | eau 3 | bouffe 0 | morts 68 | eps 1.00
step  146000 | wellbeing 0.000 | wm_loss 1.9137 | td 0.0000 | planner 0.00 | seuil None | eau 3 | bouffe 0 | morts 68 | eps 1.00
step  146500 | wellbeing 0.000 | wm_loss 1.9188 | td 0.0000 | planner 0.00 | seuil None | eau 4 | bouffe 0 | morts 68 | eps 1.00
step  147000 | wellbeing 0.000 | wm_loss 1.9520 | td 0.0000 | planner 0.00 | seuil None | eau 4 | bouffe 0 | morts 68 | eps 1.00
step  147500 | wellbeing 0.013 | wm_loss 1.9207 | td 0.0000 | planner 0.00 | seuil None | eau 3 | bouffe 1 | morts 68 | eps 1.00
step  148000 | wellbeing 0.000 | wm_loss 1.9350 | td 0.0000 | planner 0.00 | seuil None | eau 2 | bouffe 0 | morts 68 | eps 1.00
step  148500 | wellbeing 0.000 | wm_loss 1.9757 | td 0.0000 | planner 0.00 | seuil None | eau 2 | bouffe 0 | morts 68 | eps 1.00
step  149000 | wellbeing 0.305 | wm_loss 1.9327 | td 0.0000 | planner 0.00 | seuil None | eau 2 | bouffe 1 | morts 70 | eps 1.00
step  149500 | wellbeing 0.000 | wm_loss 1.8837 | td 0.0000 | planner 0.00 | seuil None | eau 2 | bouffe 1 | morts 70 | eps 1.00
step  150000 | wellbeing 0.159 | wm_loss 1.9864 | td 0.0000 | planner 0.00 | seuil None | eau 0 | bouffe 1 | morts 71 | eps 1.00
  cerveau sauvegardé → runs/fouloide_online_seed0/checkpoint_online.pt
step  150500 | wellbeing 0.000 | wm_loss 1.9092 | td 0.0000 | planner 0.00 | seuil None | eau 0 | bouffe 1 | morts 71 | eps 1.00
step  151000 | wellbeing 0.000 | wm_loss 1.9018 | td 0.0000 | planner 0.00 | seuil None | eau 0 | bouffe 1 | morts 71 | eps 1.00
step  151500 | wellbeing 0.000 | wm_loss 1.9244 | td 0.0000 | planner 0.00 | seuil None | eau 0 | bouffe 1 | morts 71 | eps 1.00
step  152000 | wellbeing 0.000 | wm_loss 1.9011 | td 0.0000 | planner 0.00 | seuil None | eau 0 | bouffe 2 | morts 71 | eps 1.00
step  152500 | wellbeing 0.000 | wm_loss 1.9233 | td 0.0000 | planner 0.00 | seuil None | eau 0 | bouffe 2 | morts 71 | eps 1.00
step  153000 | wellbeing 0.000 | wm_loss 1.9019 | td 0.0000 | planner 0.00 | seuil None | eau 0 | bouffe 1 | morts 71 | eps 1.00
step  153500 | wellbeing 0.000 | wm_loss 1.8933 | td 0.0000 | planner 0.00 | seuil None | eau 0 | bouffe 1 | morts 71 | eps 1.00
step  154000 | wellbeing 0.000 | wm_loss 1.8974 | td 0.0000 | planner 0.00 | seuil None | eau 0 | bouffe 1 | morts 71 | eps 1.00
step  154500 | wellbeing 0.019 | wm_loss 1.9419 | td 0.0000 | planner 0.00 | seuil None | eau 1 | bouffe 2 | morts 71 | eps 1.00
step  155000 | wellbeing 0.155 | wm_loss 1.8999 | td 0.0000 | planner 0.00 | seuil None | eau 0 | bouffe 1 | morts 72 | eps 1.00
  cerveau sauvegardé → runs/fouloide_online_seed0/checkpoint_online.pt
step  155500 | wellbeing 0.184 | wm_loss 1.9018 | td 0.0000 | planner 0.00 | seuil None | eau 1 | bouffe 1 | morts 73 | eps 1.00
step  156000 | wellbeing 0.023 | wm_loss 1.9253 | td 0.0000 | planner 0.00 | seuil None | eau 3 | bouffe 2 | morts 73 | eps 1.00
step  156500 | wellbeing 0.000 | wm_loss 1.8660 | td 0.0000 | planner 0.00 | seuil None | eau 0 | bouffe 6 | morts 73 | eps 1.00
step  157000 | wellbeing 0.000 | wm_loss 1.9422 | td 0.0000 | planner 0.00 | seuil None | eau 1 | bouffe 2 | morts 73 | eps 1.00
step  157500 | wellbeing 0.034 | wm_loss 1.8947 | td 0.0000 | planner 0.00 | seuil None | eau 1 | bouffe 2 | morts 74 | eps 1.00
step  158000 | wellbeing 0.159 | wm_loss 1.9093 | td 0.0000 | planner 0.00 | seuil None | eau 1 | bouffe 3 | morts 74 | eps 1.00
step  158500 | wellbeing 0.131 | wm_loss 1.8731 | td 0.0000 | planner 0.00 | seuil None | eau 0 | bouffe 4 | morts 75 | eps 1.00
step  159000 | wellbeing 0.026 | wm_loss 1.9235 | td 0.0000 | planner 0.00 | seuil None | eau 0 | bouffe 1 | morts 76 | eps 1.00
step  159500 | wellbeing 0.292 | wm_loss 1.8637 | td 0.0000 | planner 0.00 | seuil None | eau 2 | bouffe 3 | morts 76 | eps 1.00
step  160000 | wellbeing 0.133 | wm_loss 1.8873 | td 0.0000 | planner 0.00 | seuil None | eau 4 | bouffe 0 | morts 77 | eps 1.00
  cerveau sauvegardé → runs/fouloide_online_seed0/checkpoint_online.pt
step  160500 | wellbeing 0.177 | wm_loss 1.8533 | td 0.0000 | planner 0.00 | seuil None | eau 2 | bouffe 0 | morts 78 | eps 1.00
step  161000 | wellbeing 0.000 | wm_loss 1.9193 | td 0.0000 | planner 0.00 | seuil None | eau 1 | bouffe 4 | morts 78 | eps 1.00
step  161500 | wellbeing 0.008 | wm_loss 1.9100 | td 0.0000 | planner 0.00 | seuil None | eau 2 | bouffe 1 | morts 78 | eps 1.00
step  162000 | wellbeing 0.185 | wm_loss 1.9258 | td 0.0000 | planner 0.00 | seuil None | eau 2 | bouffe 1 | morts 79 | eps 1.00
step  162500 | wellbeing 0.159 | wm_loss 1.8848 | td 0.0000 | planner 0.00 | seuil None | eau 0 | bouffe 3 | morts 80 | eps 1.00
step  163000 | wellbeing 0.010 | wm_loss 1.9210 | td 0.0000 | planner 0.00 | seuil None | eau 2 | bouffe 2 | morts 80 | eps 1.00
step  163500 | wellbeing 0.028 | wm_loss 1.8621 | td 0.0000 | planner 0.00 | seuil None | eau 3 | bouffe 5 | morts 80 | eps 1.00
step  164000 | wellbeing 0.389 | wm_loss 1.9088 | td 0.0000 | planner 0.00 | seuil None | eau 3 | bouffe 3 | morts 81 | eps 1.00
step  164500 | wellbeing 0.019 | wm_loss 1.9246 | td 0.0000 | planner 0.00 | seuil None | eau 0 | bouffe 1 | morts 81 | eps 1.00
step  165000 | wellbeing 0.000 | wm_loss 1.9169 | td 0.0000 | planner 0.00 | seuil None | eau 0 | bouffe 1 | morts 81 | eps 1.00
  cerveau sauvegardé → runs/fouloide_online_seed0/checkpoint_online.pt
step  165500 | wellbeing 0.152 | wm_loss 1.8951 | td 0.0000 | planner 0.00 | seuil None | eau 0 | bouffe 0 | morts 82 | eps 1.00
step  166000 | wellbeing 0.123 | wm_loss 1.9338 | td 0.0000 | planner 0.00 | seuil None | eau 4 | bouffe 1 | morts 83 | eps 1.00
step  166500 | wellbeing 0.304 | wm_loss 1.9206 | td 0.0000 | planner 0.00 | seuil None | eau 0 | bouffe 2 | morts 85 | eps 1.00
step  167000 | wellbeing 0.135 | wm_loss 1.9758 | td 0.0000 | planner 0.00 | seuil None | eau 0 | bouffe 4 | morts 85 | eps 1.00
step  167500 | wellbeing 0.191 | wm_loss 1.9653 | td 0.0000 | planner 0.00 | seuil None | eau 3 | bouffe 1 | morts 86 | eps 1.00
step  168000 | wellbeing 0.028 | wm_loss 1.9642 | td 0.0000 | planner 0.00 | seuil None | eau 0 | bouffe 3 | morts 86 | eps 1.00
step  168500 | wellbeing 0.000 | wm_loss 1.9159 | td 0.0000 | planner 0.00 | seuil None | eau 1 | bouffe 0 | morts 86 | eps 1.00
step  169000 | wellbeing 0.004 | wm_loss 1.9406 | td 0.0000 | planner 0.00 | seuil None | eau 1 | bouffe 2 | morts 86 | eps 1.00
step  169500 | wellbeing 0.000 | wm_loss 1.9231 | td 0.0000 | planner 0.00 | seuil None | eau 1 | bouffe 2 | morts 86 | eps 1.00
step  170000 | wellbeing 0.012 | wm_loss 1.9168 | td 0.0000 | planner 0.00 | seuil None | eau 2 | bouffe 1 | morts 86 | eps 1.00
  cerveau sauvegardé → runs/fouloide_online_seed0/checkpoint_online.pt
step  170500 | wellbeing 0.000 | wm_loss 1.9197 | td 0.0000 | planner 0.00 | seuil None | eau 1 | bouffe 0 | morts 86 | eps 1.00
step  171000 | wellbeing 0.000 | wm_loss 1.9295 | td 0.0000 | planner 0.00 | seuil None | eau 0 | bouffe 2 | morts 86 | eps 1.00
step  171500 | wellbeing 0.154 | wm_loss 1.9491 | td 0.0000 | planner 0.00 | seuil None | eau 0 | bouffe 0 | morts 87 | eps 1.00
step  172000 | wellbeing 0.001 | wm_loss 1.9072 | td 0.0000 | planner 0.00 | seuil None | eau 1 | bouffe 0 | morts 87 | eps 1.00
step  172500 | wellbeing 0.159 | wm_loss 1.9122 | td 0.0000 | planner 0.00 | seuil None | eau 3 | bouffe 1 | morts 88 | eps 1.00
step  173000 | wellbeing 0.002 | wm_loss 1.9576 | td 0.0000 | planner 0.00 | seuil None | eau 3 | bouffe 0 | morts 88 | eps 1.00
step  173500 | wellbeing 0.197 | wm_loss 1.9499 | td 0.0000 | planner 0.00 | seuil None | eau 1 | bouffe 1 | morts 89 | eps 1.00
step  174000 | wellbeing 0.324 | wm_loss 1.9108 | td 0.0000 | planner 0.00 | seuil None | eau 2 | bouffe 3 | morts 90 | eps 1.00
step  174500 | wellbeing 0.000 | wm_loss 1.9568 | td 0.0000 | planner 0.00 | seuil None | eau 1 | bouffe 0 | morts 90 | eps 1.00
step  175000 | wellbeing 0.314 | wm_loss 1.9047 | td 0.0000 | planner 0.00 | seuil None | eau 0 | bouffe 2 | morts 92 | eps 1.00
  cerveau sauvegardé → runs/fouloide_online_seed0/checkpoint_online.pt
step  175500 | wellbeing 0.000 | wm_loss 1.9051 | td 0.0000 | planner 0.00 | seuil None | eau 3 | bouffe 1 | morts 92 | eps 1.00
step  176000 | wellbeing 0.001 | wm_loss 1.9185 | td 0.0000 | planner 0.00 | seuil None | eau 0 | bouffe 2 | morts 92 | eps 1.00
step  176500 | wellbeing 0.327 | wm_loss 1.9499 | td 0.0000 | planner 0.00 | seuil None | eau 2 | bouffe 4 | morts 93 | eps 1.00
step  177000 | wellbeing 0.282 | wm_loss 1.8988 | td 0.0000 | planner 0.00 | seuil None | eau 0 | bouffe 0 | morts 95 | eps 1.00
step  177500 | wellbeing 0.216 | wm_loss 1.9174 | td 0.0000 | planner 0.00 | seuil None | eau 1 | bouffe 2 | morts 96 | eps 1.00
step  178000 | wellbeing 0.008 | wm_loss 1.9291 | td 0.0000 | planner 0.00 | seuil None | eau 0 | bouffe 1 | morts 96 | eps 1.00
step  178500 | wellbeing 0.272 | wm_loss 1.9664 | td 0.0000 | planner 0.00 | seuil None | eau 1 | bouffe 2 | morts 97 | eps 1.00
step  179000 | wellbeing 0.214 | wm_loss 1.9144 | td 0.0000 | planner 0.00 | seuil None | eau 1 | bouffe 2 | morts 98 | eps 1.00
step  179500 | wellbeing 0.016 | wm_loss 1.9501 | td 0.0000 | planner 0.00 | seuil None | eau 0 | bouffe 1 | morts 98 | eps 1.00
step  180000 | wellbeing 0.000 | wm_loss 1.9304 | td 0.0000 | planner 0.00 | seuil None | eau 1 | bouffe 0 | morts 98 | eps 1.00
  cerveau sauvegardé → runs/fouloide_online_seed0/checkpoint_online.pt
step  180500 | wellbeing 0.143 | wm_loss 1.9314 | td 0.0000 | planner 0.00 | seuil None | eau 0 | bouffe 0 | morts 99 | eps 1.00
step  181000 | wellbeing 0.155 | wm_loss 1.9959 | td 0.0000 | planner 0.00 | seuil None | eau 1 | bouffe 1 | morts 100 | eps 1.00
step  181500 | wellbeing 0.266 | wm_loss 1.9518 | td 0.0000 | planner 0.00 | seuil None | eau 1 | bouffe 2 | morts 101 | eps 1.00
step  182000 | wellbeing 0.000 | wm_loss 1.9792 | td 0.0000 | planner 0.00 | seuil None | eau 1 | bouffe 1 | morts 101 | eps 1.00
step  182500 | wellbeing 0.274 | wm_loss 2.0042 | td 0.0000 | planner 0.00 | seuil None | eau 0 | bouffe 3 | morts 103 | eps 1.00
step  183000 | wellbeing 0.503 | wm_loss 1.9285 | td 0.0000 | planner 0.00 | seuil None | eau 4 | bouffe 1 | morts 104 | eps 1.00
step  183500 | wellbeing 0.000 | wm_loss 1.9289 | td 0.0000 | planner 0.00 | seuil None | eau 1 | bouffe 3 | morts 104 | eps 1.00
step  184000 | wellbeing 0.020 | wm_loss 1.9560 | td 0.0000 | planner 0.00 | seuil None | eau 3 | bouffe 4 | morts 104 | eps 1.00
step  184500 | wellbeing 0.007 | wm_loss 1.9736 | td 0.0000 | planner 0.00 | seuil None | eau 1 | bouffe 2 | morts 104 | eps 1.00
step  185000 | wellbeing 0.000 | wm_loss 2.0265 | td 0.0000 | planner 0.00 | seuil None | eau 1 | bouffe 1 | morts 104 | eps 1.00
  cerveau sauvegardé → runs/fouloide_online_seed0/checkpoint_online.pt
step  185500 | wellbeing 0.000 | wm_loss 1.9007 | td 0.0000 | planner 0.00 | seuil None | eau 1 | bouffe 3 | morts 104 | eps 1.00
step  186000 | wellbeing 0.000 | wm_loss 1.9003 | td 0.0000 | planner 0.00 | seuil None | eau 0 | bouffe 2 | morts 104 | eps 1.00
step  186500 | wellbeing 0.142 | wm_loss 1.9588 | td 0.0000 | planner 0.00 | seuil None | eau 0 | bouffe 3 | morts 105 | eps 1.00
step  187000 | wellbeing 0.316 | wm_loss 1.9209 | td 0.0000 | planner 0.00 | seuil None | eau 3 | bouffe 3 | morts 106 | eps 1.00
step  187500 | wellbeing 0.012 | wm_loss 1.8665 | td 0.0000 | planner 0.00 | seuil None | eau 1 | bouffe 1 | morts 106 | eps 1.00
step  188000 | wellbeing 0.000 | wm_loss 1.9181 | td 0.0000 | planner 0.00 | seuil None | eau 0 | bouffe 2 | morts 106 | eps 1.00
step  188500 | wellbeing 0.000 | wm_loss 1.9177 | td 0.0000 | planner 0.00 | seuil None | eau 0 | bouffe 5 | morts 106 | eps 1.00
step  189000 | wellbeing 0.000 | wm_loss 1.9311 | td 0.0000 | planner 0.00 | seuil None | eau 1 | bouffe 2 | morts 106 | eps 1.00
step  189500 | wellbeing 0.072 | wm_loss 1.8959 | td 0.0000 | planner 0.00 | seuil None | eau 2 | bouffe 2 | morts 107 | eps 1.00
step  190000 | wellbeing 0.086 | wm_loss 1.8963 | td 0.0000 | planner 0.00 | seuil None | eau 0 | bouffe 2 | morts 107 | eps 1.00
  cerveau sauvegardé → runs/fouloide_online_seed0/checkpoint_online.pt
step  190500 | wellbeing 0.159 | wm_loss 1.9268 | td 0.0000 | planner 0.00 | seuil None | eau 0 | bouffe 4 | morts 108 | eps 1.00
step  191000 | wellbeing 0.155 | wm_loss 1.9302 | td 0.0000 | planner 0.00 | seuil None | eau 2 | bouffe 1 | morts 109 | eps 1.00
step  191500 | wellbeing 0.155 | wm_loss 1.9622 | td 0.0000 | planner 0.00 | seuil None | eau 0 | bouffe 2 | morts 110 | eps 1.00
step  192000 | wellbeing 0.255 | wm_loss 1.9248 | td 0.0000 | planner 0.00 | seuil None | eau 2 | bouffe 4 | morts 111 | eps 1.00
step  192500 | wellbeing 0.162 | wm_loss 1.9350 | td 0.0000 | planner 0.00 | seuil None | eau 0 | bouffe 1 | morts 112 | eps 1.00
step  193000 | wellbeing 0.016 | wm_loss 1.9821 | td 0.0000 | planner 0.00 | seuil None | eau 4 | bouffe 3 | morts 112 | eps 1.00
step  193500 | wellbeing 0.058 | wm_loss 1.9192 | td 0.0000 | planner 0.00 | seuil None | eau 3 | bouffe 2 | morts 112 | eps 1.00
step  194000 | wellbeing 0.000 | wm_loss 1.9538 | td 0.0000 | planner 0.00 | seuil None | eau 2 | bouffe 1 | morts 112 | eps 1.00
step  194500 | wellbeing 0.000 | wm_loss 1.9309 | td 0.0000 | planner 0.00 | seuil None | eau 2 | bouffe 0 | morts 112 | eps 1.00
step  195000 | wellbeing 0.003 | wm_loss 1.9734 | td 0.0000 | planner 0.00 | seuil None | eau 4 | bouffe 2 | morts 112 | eps 1.00
  cerveau sauvegardé → runs/fouloide_online_seed0/checkpoint_online.pt
step  195500 | wellbeing 0.000 | wm_loss 1.9286 | td 0.0000 | planner 0.00 | seuil None | eau 0 | bouffe 0 | morts 112 | eps 1.00
step  196000 | wellbeing 0.000 | wm_loss 1.9377 | td 0.0000 | planner 0.00 | seuil None | eau 0 | bouffe 1 | morts 112 | eps 1.00
step  196500 | wellbeing 0.000 | wm_loss 1.8803 | td 0.0000 | planner 0.00 | seuil None | eau 0 | bouffe 0 | morts 112 | eps 1.00
step  197000 | wellbeing 0.000 | wm_loss 1.8983 | td 0.0000 | planner 0.00 | seuil None | eau 0 | bouffe 0 | morts 112 | eps 1.00
step  197500 | wellbeing 0.000 | wm_loss 1.8726 | td 0.0000 | planner 0.00 | seuil None | eau 0 | bouffe 0 | morts 112 | eps 1.00
step  198000 | wellbeing 0.000 | wm_loss 1.9270 | td 0.0000 | planner 0.00 | seuil None | eau 0 | bouffe 0 | morts 112 | eps 1.00
step  198500 | wellbeing 0.000 | wm_loss 1.9033 | td 0.0000 | planner 0.00 | seuil None | eau 0 | bouffe 0 | morts 112 | eps 1.00
step  199000 | wellbeing 0.000 | wm_loss 1.8855 | td 0.0000 | planner 0.00 | seuil None | eau 1 | bouffe 0 | morts 112 | eps 1.00
step  199500 | wellbeing 0.000 | wm_loss 1.8866 | td 0.0000 | planner 0.00 | seuil None | eau 1 | bouffe 1 | morts 112 | eps 1.00
step  200000 | wellbeing 0.000 | wm_loss 1.9529 | td 0.0000 | planner 0.00 | seuil None | eau 0 | bouffe 0 | morts 112 | eps 1.00
  cerveau sauvegardé → runs/fouloide_online_seed0/checkpoint_online.pt
step  200500 | wellbeing 0.000 | wm_loss 1.9031 | td 0.0000 | planner 0.00 | seuil None | eau 1 | bouffe 0 | morts 112 | eps 1.00
step  201000 | wellbeing 0.000 | wm_loss 1.9054 | td 0.0000 | planner 0.00 | seuil None | eau 2 | bouffe 0 | morts 112 | eps 1.00
step  201500 | wellbeing 0.000 | wm_loss 1.8987 | td 0.0000 | planner 0.00 | seuil None | eau 0 | bouffe 0 | morts 112 | eps 1.00
step  202000 | wellbeing 0.000 | wm_loss 1.9217 | td 0.0000 | planner 0.00 | seuil None | eau 0 | bouffe 0 | morts 112 | eps 1.00
step  202500 | wellbeing 0.002 | wm_loss 1.8907 | td 0.0000 | planner 0.00 | seuil None | eau 1 | bouffe 1 | morts 112 | eps 1.00
step  203000 | wellbeing 0.000 | wm_loss 1.9126 | td 0.0000 | planner 0.00 | seuil None | eau 2 | bouffe 0 | morts 112 | eps 1.00
step  203500 | wellbeing 0.000 | wm_loss 1.9280 | td 0.0000 | planner 0.00 | seuil None | eau 2 | bouffe 0 | morts 112 | eps 1.00
step  204000 | wellbeing 0.000 | wm_loss 1.9102 | td 0.0000 | planner 0.00 | seuil None | eau 1 | bouffe 0 | morts 112 | eps 1.00
step  204500 | wellbeing 0.021 | wm_loss 1.9053 | td 0.0000 | planner 0.00 | seuil None | eau 1 | bouffe 2 | morts 112 | eps 1.00
step  205000 | wellbeing 0.000 | wm_loss 1.9302 | td 0.0000 | planner 0.00 | seuil None | eau 1 | bouffe 0 | morts 112 | eps 1.00
  cerveau sauvegardé → runs/fouloide_online_seed0/checkpoint_online.pt
step  205500 | wellbeing 0.000 | wm_loss 1.8852 | td 0.0000 | planner 0.00 | seuil None | eau 3 | bouffe 1 | morts 112 | eps 1.00
step  206000 | wellbeing 0.000 | wm_loss 1.8505 | td 0.0000 | planner 0.00 | seuil None | eau 1 | bouffe 1 | morts 112 | eps 1.00
step  206500 | wellbeing 0.000 | wm_loss 1.8364 | td 0.0000 | planner 0.00 | seuil None | eau 1 | bouffe 0 | morts 112 | eps 1.00
step  207000 | wellbeing 0.000 | wm_loss 1.8919 | td 0.0000 | planner 0.00 | seuil None | eau 3 | bouffe 0 | morts 112 | eps 1.00
step  207500 | wellbeing 0.000 | wm_loss 1.9230 | td 0.0000 | planner 0.00 | seuil None | eau 0 | bouffe 1 | morts 112 | eps 1.00
step  208000 | wellbeing 0.375 | wm_loss 1.8859 | td 0.0000 | planner 0.00 | seuil None | eau 3 | bouffe 6 | morts 113 | eps 1.00
step  208500 | wellbeing 0.052 | wm_loss 1.8938 | td 0.0000 | planner 0.00 | seuil None | eau 3 | bouffe 1 | morts 113 | eps 1.00
step  209000 | wellbeing 0.005 | wm_loss 1.8928 | td 0.0000 | planner 0.00 | seuil None | eau 4 | bouffe 1 | morts 113 | eps 1.00
step  209500 | wellbeing 0.000 | wm_loss 1.8401 | td 0.0000 | planner 0.00 | seuil None | eau 6 | bouffe 0 | morts 113 | eps 1.00
step  210000 | wellbeing 0.000 | wm_loss 1.8564 | td 0.0000 | planner 0.00 | seuil None | eau 6 | bouffe 0 | morts 113 | eps 1.00
  cerveau sauvegardé → runs/fouloide_online_seed0/checkpoint_online.pt
step  210500 | wellbeing 0.000 | wm_loss 1.9309 | td 0.0000 | planner 0.00 | seuil None | eau 4 | bouffe 0 | morts 113 | eps 1.00
step  211000 | wellbeing 0.000 | wm_loss 1.9099 | td 0.0000 | planner 0.00 | seuil None | eau 3 | bouffe 0 | morts 113 | eps 1.00
step  211500 | wellbeing 0.215 | wm_loss 1.8491 | td 0.0000 | planner 0.00 | seuil None | eau 2 | bouffe 3 | morts 114 | eps 1.00
step  212000 | wellbeing 0.022 | wm_loss 1.9364 | td 0.0000 | planner 0.00 | seuil None | eau 3 | bouffe 3 | morts 114 | eps 1.00
step  212500 | wellbeing 0.053 | wm_loss 1.8870 | td 0.0000 | planner 0.00 | seuil None | eau 3 | bouffe 4 | morts 114 | eps 1.00
step  213000 | wellbeing 0.069 | wm_loss 1.9158 | td 0.0000 | planner 0.00 | seuil None | eau 3 | bouffe 5 | morts 114 | eps 1.00
step  213500 | wellbeing 0.079 | wm_loss 1.8862 | td 0.0000 | planner 0.00 | seuil None | eau 3 | bouffe 4 | morts 114 | eps 1.00
step  214000 | wellbeing 0.020 | wm_loss 1.8620 | td 0.0000 | planner 0.00 | seuil None | eau 3 | bouffe 3 | morts 114 | eps 1.00
step  214500 | wellbeing 0.047 | wm_loss 1.8967 | td 0.0000 | planner 0.00 | seuil None | eau 3 | bouffe 4 | morts 114 | eps 1.00
step  215000 | wellbeing 0.061 | wm_loss 1.9021 | td 0.0000 | planner 0.00 | seuil None | eau 3 | bouffe 4 | morts 114 | eps 1.00
  cerveau sauvegardé → runs/fouloide_online_seed0/checkpoint_online.pt
step  215500 | wellbeing 0.010 | wm_loss 1.9198 | td 0.0000 | planner 0.00 | seuil None | eau 4 | bouffe 3 | morts 114 | eps 1.00
step  216000 | wellbeing 0.031 | wm_loss 1.8930 | td 0.0000 | planner 0.00 | seuil None | eau 3 | bouffe 3 | morts 114 | eps 1.00
step  216500 | wellbeing 0.046 | wm_loss 1.9332 | td 0.0000 | planner 0.00 | seuil None | eau 3 | bouffe 4 | morts 114 | eps 1.00
step  217000 | wellbeing 0.011 | wm_loss 1.9194 | td 0.0000 | planner 0.00 | seuil None | eau 4 | bouffe 3 | morts 114 | eps 1.00
step  217500 | wellbeing 0.009 | wm_loss 1.8453 | td 0.0000 | planner 0.00 | seuil None | eau 4 | bouffe 3 | morts 114 | eps 1.00
step  218000 | wellbeing 0.009 | wm_loss 1.9296 | td 0.0000 | planner 0.00 | seuil None | eau 2 | bouffe 3 | morts 114 | eps 1.00
step  218500 | wellbeing 0.005 | wm_loss 1.9038 | td 0.0000 | planner 0.00 | seuil None | eau 4 | bouffe 3 | morts 114 | eps 1.00
step  219000 | wellbeing 0.034 | wm_loss 1.9905 | td 0.0000 | planner 0.00 | seuil None | eau 3 | bouffe 4 | morts 114 | eps 1.00
step  219500 | wellbeing 0.187 | wm_loss 1.9408 | td 0.0000 | planner 0.00 | seuil None | eau 2 | bouffe 3 | morts 115 | eps 1.00
step  220000 | wellbeing 0.154 | wm_loss 1.9198 | td 0.0000 | planner 0.00 | seuil None | eau 0 | bouffe 2 | morts 116 | eps 1.00
  cerveau sauvegardé → runs/fouloide_online_seed0/checkpoint_online.pt
step  220500 | wellbeing 0.004 | wm_loss 1.9062 | td 0.0000 | planner 0.00 | seuil None | eau 1 | bouffe 0 | morts 116 | eps 1.00
step  221000 | wellbeing 0.477 | wm_loss 1.8964 | td 0.0000 | planner 0.00 | seuil None | eau 2 | bouffe 2 | morts 118 | eps 1.00
step  221500 | wellbeing 0.237 | wm_loss 1.8947 | td 0.0000 | planner 0.00 | seuil None | eau 1 | bouffe 1 | morts 120 | eps 1.00
step  222000 | wellbeing 0.204 | wm_loss 1.8964 | td 0.0000 | planner 0.00 | seuil None | eau 2 | bouffe 2 | morts 120 | eps 1.00
step  222500 | wellbeing 0.028 | wm_loss 1.8947 | td 0.0000 | planner 0.00 | seuil None | eau 2 | bouffe 3 | morts 120 | eps 1.00
step  223000 | wellbeing 0.038 | wm_loss 1.8942 | td 0.0000 | planner 0.00 | seuil None | eau 3 | bouffe 2 | morts 120 | eps 1.00
step  223500 | wellbeing 0.000 | wm_loss 1.9001 | td 0.0000 | planner 0.00 | seuil None | eau 1 | bouffe 3 | morts 120 | eps 1.00
step  224000 | wellbeing 0.003 | wm_loss 1.9518 | td 0.0000 | planner 0.00 | seuil None | eau 3 | bouffe 2 | morts 120 | eps 1.00
step  224500 | wellbeing 0.000 | wm_loss 1.8973 | td 0.0000 | planner 0.00 | seuil None | eau 2 | bouffe 1 | morts 120 | eps 1.00
step  225000 | wellbeing 0.148 | wm_loss 1.9323 | td 0.0000 | planner 0.00 | seuil None | eau 3 | bouffe 5 | morts 121 | eps 1.00
  cerveau sauvegardé → runs/fouloide_online_seed0/checkpoint_online.pt
step  225500 | wellbeing 0.091 | wm_loss 1.9230 | td 0.0000 | planner 0.00 | seuil None | eau 3 | bouffe 4 | morts 121 | eps 1.00
step  226000 | wellbeing 0.330 | wm_loss 1.9478 | td 0.0000 | planner 0.00 | seuil None | eau 3 | bouffe 3 | morts 123 | eps 1.00
step  226500 | wellbeing 0.252 | wm_loss 1.9695 | td 0.0000 | planner 0.00 | seuil None | eau 2 | bouffe 3 | morts 124 | eps 1.00
step  227000 | wellbeing 0.028 | wm_loss 1.9384 | td 0.0000 | planner 0.00 | seuil None | eau 1 | bouffe 2 | morts 125 | eps 1.00
step  227500 | wellbeing 0.294 | wm_loss 1.9049 | td 0.0000 | planner 0.00 | seuil None | eau 1 | bouffe 3 | morts 126 | eps 1.00
step  228000 | wellbeing 0.000 | wm_loss 1.9256 | td 0.0000 | planner 0.00 | seuil None | eau 4 | bouffe 0 | morts 126 | eps 1.00
step  228500 | wellbeing 0.000 | wm_loss 1.8909 | td 0.0000 | planner 0.00 | seuil None | eau 4 | bouffe 0 | morts 126 | eps 1.00
step  229000 | wellbeing 0.027 | wm_loss 1.8757 | td 0.0000 | planner 0.00 | seuil None | eau 3 | bouffe 3 | morts 126 | eps 1.00
step  229500 | wellbeing 0.062 | wm_loss 1.8827 | td 0.0000 | planner 0.00 | seuil None | eau 2 | bouffe 3 | morts 126 | eps 1.00
step  230000 | wellbeing 0.167 | wm_loss 1.9088 | td 0.0000 | planner 0.00 | seuil None | eau 1 | bouffe 2 | morts 127 | eps 1.00
  cerveau sauvegardé → runs/fouloide_online_seed0/checkpoint_online.pt
step  230500 | wellbeing 0.535 | wm_loss 1.9000 | td 0.0000 | planner 0.00 | seuil None | eau 4 | bouffe 3 | morts 128 | eps 1.00
step  231000 | wellbeing 0.304 | wm_loss 1.8851 | td 0.0000 | planner 0.00 | seuil None | eau 4 | bouffe 0 | morts 130 | eps 1.00
step  231500 | wellbeing 0.061 | wm_loss 1.9603 | td 0.0000 | planner 0.00 | seuil None | eau 2 | bouffe 0 | morts 130 | eps 1.00
step  232000 | wellbeing 0.086 | wm_loss 1.9274 | td 0.0000 | planner 0.00 | seuil None | eau 0 | bouffe 2 | morts 131 | eps 1.00
step  232500 | wellbeing 0.266 | wm_loss 1.9367 | td 0.0000 | planner 0.00 | seuil None | eau 3 | bouffe 0 | morts 132 | eps 1.00
step  233000 | wellbeing 0.185 | wm_loss 1.9256 | td 0.0000 | planner 0.00 | seuil None | eau 5 | bouffe 1 | morts 133 | eps 1.00
step  233500 | wellbeing 0.216 | wm_loss 1.9080 | td 0.0000 | planner 0.00 | seuil None | eau 4 | bouffe 2 | morts 134 | eps 1.00
step  234000 | wellbeing 0.315 | wm_loss 1.9076 | td 0.0000 | planner 0.00 | seuil None | eau 2 | bouffe 1 | morts 135 | eps 1.00
step  234500 | wellbeing 0.001 | wm_loss 1.9559 | td 0.0000 | planner 0.00 | seuil None | eau 3 | bouffe 2 | morts 135 | eps 1.00
step  235000 | wellbeing 0.029 | wm_loss 1.8909 | td 0.0000 | planner 0.00 | seuil None | eau 4 | bouffe 1 | morts 135 | eps 1.00
  cerveau sauvegardé → runs/fouloide_online_seed0/checkpoint_online.pt
step  235500 | wellbeing 0.200 | wm_loss 1.9004 | td 0.0000 | planner 0.00 | seuil None | eau 1 | bouffe 0 | morts 136 | eps 1.00
step  236000 | wellbeing 0.000 | wm_loss 1.9045 | td 0.0000 | planner 0.00 | seuil None | eau 0 | bouffe 2 | morts 136 | eps 1.00
step  236500 | wellbeing 0.000 | wm_loss 1.8971 | td 0.0000 | planner 0.00 | seuil None | eau 0 | bouffe 4 | morts 136 | eps 1.00
step  237000 | wellbeing 0.000 | wm_loss 1.8730 | td 0.0000 | planner 0.00 | seuil None | eau 1 | bouffe 4 | morts 136 | eps 1.00
step  237500 | wellbeing 0.002 | wm_loss 1.9075 | td 0.0000 | planner 0.00 | seuil None | eau 2 | bouffe 3 | morts 136 | eps 1.00
step  238000 | wellbeing 0.004 | wm_loss 1.8665 | td 0.0000 | planner 0.00 | seuil None | eau 0 | bouffe 2 | morts 136 | eps 1.00
step  238500 | wellbeing 0.317 | wm_loss 1.9067 | td 0.0000 | planner 0.00 | seuil None | eau 2 | bouffe 2 | morts 138 | eps 1.00
step  239000 | wellbeing 0.202 | wm_loss 1.9080 | td 0.0000 | planner 0.00 | seuil None | eau 3 | bouffe 2 | morts 138 | eps 1.00
step  239500 | wellbeing 0.155 | wm_loss 1.8943 | td 0.0000 | planner 0.00 | seuil None | eau 0 | bouffe 0 | morts 139 | eps 1.00
step  240000 | wellbeing 0.254 | wm_loss 1.8816 | td 0.0000 | planner 0.00 | seuil None | eau 2 | bouffe 2 | morts 140 | eps 1.00
  cerveau sauvegardé → runs/fouloide_online_seed0/checkpoint_online.pt
step  240500 | wellbeing 0.118 | wm_loss 1.8825 | td 0.0000 | planner 0.00 | seuil None | eau 3 | bouffe 5 | morts 140 | eps 1.00
step  241000 | wellbeing 0.010 | wm_loss 1.8744 | td 0.0000 | planner 0.00 | seuil None | eau 1 | bouffe 3 | morts 140 | eps 1.00
step  241500 | wellbeing 0.250 | wm_loss 1.8722 | td 0.0000 | planner 0.00 | seuil None | eau 2 | bouffe 3 | morts 141 | eps 1.00
step  242000 | wellbeing 0.000 | wm_loss 1.9101 | td 0.0000 | planner 0.00 | seuil None | eau 3 | bouffe 1 | morts 141 | eps 1.00
step  242500 | wellbeing 0.000 | wm_loss 1.8344 | td 0.0000 | planner 0.00 | seuil None | eau 1 | bouffe 0 | morts 141 | eps 1.00
step  243000 | wellbeing 0.027 | wm_loss 1.8588 | td 0.0000 | planner 0.00 | seuil None | eau 3 | bouffe 2 | morts 141 | eps 1.00
step  243500 | wellbeing 0.181 | wm_loss 1.8673 | td 0.0000 | planner 0.00 | seuil None | eau 2 | bouffe 1 | morts 142 | eps 1.00
step  244000 | wellbeing 0.182 | wm_loss 1.8837 | td 0.0000 | planner 0.00 | seuil None | eau 3 | bouffe 2 | morts 143 | eps 1.00
step  244500 | wellbeing 0.145 | wm_loss 1.8742 | td 0.0000 | planner 0.00 | seuil None | eau 1 | bouffe 0 | morts 144 | eps 1.00
step  245000 | wellbeing 0.051 | wm_loss 1.8515 | td 0.0000 | planner 0.00 | seuil None | eau 1 | bouffe 0 | morts 145 | eps 1.00
  cerveau sauvegardé → runs/fouloide_online_seed0/checkpoint_online.pt
step  245500 | wellbeing 0.324 | wm_loss 1.8702 | td 0.0000 | planner 0.00 | seuil None | eau 2 | bouffe 1 | morts 146 | eps 1.00
step  246000 | wellbeing 0.000 | wm_loss 1.8802 | td 0.0000 | planner 0.00 | seuil None | eau 0 | bouffe 2 | morts 146 | eps 1.00
step  246500 | wellbeing 0.000 | wm_loss 1.8933 | td 0.0000 | planner 0.00 | seuil None | eau 0 | bouffe 0 | morts 146 | eps 1.00
step  247000 | wellbeing 0.000 | wm_loss 1.8889 | td 0.0000 | planner 0.00 | seuil None | eau 0 | bouffe 3 | morts 146 | eps 1.00
step  247500 | wellbeing 0.000 | wm_loss 1.9052 | td 0.0000 | planner 0.00 | seuil None | eau 0 | bouffe 0 | morts 146 | eps 1.00
step  248000 | wellbeing 0.000 | wm_loss 1.8469 | td 0.0000 | planner 0.00 | seuil None | eau 1 | bouffe 1 | morts 146 | eps 1.00
step  248500 | wellbeing 0.000 | wm_loss 1.8609 | td 0.0000 | planner 0.00 | seuil None | eau 0 | bouffe 3 | morts 146 | eps 1.00
step  249000 | wellbeing 0.000 | wm_loss 1.8704 | td 0.0000 | planner 0.00 | seuil None | eau 0 | bouffe 2 | morts 146 | eps 1.00
step  249500 | wellbeing 0.000 | wm_loss 1.8442 | td 0.0000 | planner 0.00 | seuil None | eau 0 | bouffe 3 | morts 146 | eps 1.00
step  250000 | wellbeing 0.000 | wm_loss 1.8282 | td 0.0000 | planner 0.00 | seuil None | eau 0 | bouffe 2 | morts 146 | eps 1.00
  cerveau sauvegardé → runs/fouloide_online_seed0/checkpoint_online.pt
step  250500 | wellbeing 0.000 | wm_loss 1.8799 | td 0.0000 | planner 0.00 | seuil None | eau 0 | bouffe 6 | morts 146 | eps 1.00
step  251000 | wellbeing 0.000 | wm_loss 1.9345 | td 0.0000 | planner 0.00 | seuil None | eau 0 | bouffe 4 | morts 146 | eps 1.00
step  251500 | wellbeing 0.000 | wm_loss 1.8602 | td 0.0000 | planner 0.00 | seuil None | eau 0 | bouffe 5 | morts 146 | eps 1.00
step  252000 | wellbeing 0.000 | wm_loss 1.8507 | td 0.0000 | planner 0.00 | seuil None | eau 1 | bouffe 2 | morts 146 | eps 1.00
step  252500 | wellbeing 0.165 | wm_loss 1.8851 | td 0.0000 | planner 0.00 | seuil None | eau 4 | bouffe 3 | morts 147 | eps 1.00
step  253000 | wellbeing 0.049 | wm_loss 1.8977 | td 0.0000 | planner 0.00 | seuil None | eau 0 | bouffe 2 | morts 147 | eps 1.00
step  253500 | wellbeing 0.000 | wm_loss 1.8792 | td 0.0000 | planner 0.00 | seuil None | eau 4 | bouffe 0 | morts 147 | eps 1.00
step  254000 | wellbeing 0.171 | wm_loss 1.8686 | td 0.0000 | planner 0.00 | seuil None | eau 2 | bouffe 3 | morts 148 | eps 1.00
step  254500 | wellbeing 0.087 | wm_loss 1.8566 | td 0.0000 | planner 0.00 | seuil None | eau 3 | bouffe 4 | morts 148 | eps 1.00
step  255000 | wellbeing 0.178 | wm_loss 1.8592 | td 0.0000 | planner 0.00 | seuil None | eau 3 | bouffe 2 | morts 149 | eps 1.00
  cerveau sauvegardé → runs/fouloide_online_seed0/checkpoint_online.pt
step  255500 | wellbeing 0.352 | wm_loss 1.8615 | td 0.0000 | planner 0.00 | seuil None | eau 3 | bouffe 4 | morts 150 | eps 1.00
step  256000 | wellbeing 0.003 | wm_loss 1.8958 | td 0.0000 | planner 0.00 | seuil None | eau 1 | bouffe 3 | morts 150 | eps 1.00
step  256500 | wellbeing 0.155 | wm_loss 1.8754 | td 0.0000 | planner 0.00 | seuil None | eau 1 | bouffe 1 | morts 151 | eps 1.00
step  257000 | wellbeing 0.046 | wm_loss 1.8624 | td 0.0000 | planner 0.00 | seuil None | eau 4 | bouffe 3 | morts 151 | eps 1.00
step  257500 | wellbeing 0.077 | wm_loss 1.9276 | td 0.0000 | planner 0.00 | seuil None | eau 2 | bouffe 2 | morts 152 | eps 1.00
step  258000 | wellbeing 0.252 | wm_loss 1.9054 | td 0.0000 | planner 0.00 | seuil None | eau 0 | bouffe 2 | morts 153 | eps 1.00
step  258500 | wellbeing 0.106 | wm_loss 1.8615 | td 0.0000 | planner 0.00 | seuil None | eau 0 | bouffe 5 | morts 154 | eps 1.00
step  259000 | wellbeing 0.074 | wm_loss 1.8319 | td 0.0000 | planner 0.00 | seuil None | eau 3 | bouffe 4 | morts 154 | eps 1.00
step  259500 | wellbeing 0.084 | wm_loss 1.8935 | td 0.0000 | planner 0.00 | seuil None | eau 3 | bouffe 1 | morts 155 | eps 1.00
step  260000 | wellbeing 0.099 | wm_loss 1.8459 | td 0.0000 | planner 0.00 | seuil None | eau 1 | bouffe 4 | morts 155 | eps 1.00
  cerveau sauvegardé → runs/fouloide_online_seed0/checkpoint_online.pt
step  260500 | wellbeing 0.095 | wm_loss 1.8832 | td 0.0000 | planner 0.00 | seuil None | eau 2 | bouffe 3 | morts 156 | eps 1.00
step  261000 | wellbeing 0.073 | wm_loss 1.8754 | td 0.0000 | planner 0.00 | seuil None | eau 1 | bouffe 4 | morts 156 | eps 1.00
step  261500 | wellbeing 0.000 | wm_loss 1.8906 | td 0.0000 | planner 0.00 | seuil None | eau 0 | bouffe 8 | morts 156 | eps 1.00
step  262000 | wellbeing 0.209 | wm_loss 1.8722 | td 0.0000 | planner 0.00 | seuil None | eau 1 | bouffe 5 | morts 157 | eps 1.00
step  262500 | wellbeing 0.286 | wm_loss 1.9033 | td 0.0000 | planner 0.00 | seuil None | eau 1 | bouffe 2 | morts 159 | eps 1.00
step  263000 | wellbeing 0.069 | wm_loss 1.8889 | td 0.0000 | planner 0.00 | seuil None | eau 3 | bouffe 2 | morts 159 | eps 1.00
step  263500 | wellbeing 0.175 | wm_loss 1.8552 | td 0.0000 | planner 0.00 | seuil None | eau 2 | bouffe 4 | morts 160 | eps 1.00
step  264000 | wellbeing 0.159 | wm_loss 1.8409 | td 0.0000 | planner 0.00 | seuil None | eau 0 | bouffe 1 | morts 161 | eps 1.00
step  264500 | wellbeing 0.002 | wm_loss 1.8606 | td 0.0000 | planner 0.00 | seuil None | eau 2 | bouffe 3 | morts 161 | eps 1.00
step  265000 | wellbeing 0.043 | wm_loss 1.8406 | td 0.0000 | planner 0.00 | seuil None | eau 3 | bouffe 1 | morts 162 | eps 1.00
  cerveau sauvegardé → runs/fouloide_online_seed0/checkpoint_online.pt
step  265500 | wellbeing 0.111 | wm_loss 1.8776 | td 0.0000 | planner 0.00 | seuil None | eau 0 | bouffe 1 | morts 162 | eps 1.00
step  266000 | wellbeing 0.000 | wm_loss 1.9066 | td 0.0000 | planner 0.00 | seuil None | eau 0 | bouffe 1 | morts 162 | eps 1.00
step  266500 | wellbeing 0.000 | wm_loss 1.8919 | td 0.0000 | planner 0.00 | seuil None | eau 0 | bouffe 1 | morts 162 | eps 1.00
step  267000 | wellbeing 0.000 | wm_loss 1.9257 | td 0.0000 | planner 0.00 | seuil None | eau 0 | bouffe 3 | morts 162 | eps 1.00
step  267500 | wellbeing 0.000 | wm_loss 1.8831 | td 0.0000 | planner 0.00 | seuil None | eau 0 | bouffe 1 | morts 162 | eps 1.00
step  268000 | wellbeing 0.000 | wm_loss 1.8688 | td 0.0000 | planner 0.00 | seuil None | eau 0 | bouffe 3 | morts 162 | eps 1.00
step  268500 | wellbeing 0.014 | wm_loss 1.8794 | td 0.0000 | planner 0.00 | seuil None | eau 1 | bouffe 3 | morts 162 | eps 1.00
step  269000 | wellbeing 0.000 | wm_loss 1.8343 | td 0.0000 | planner 0.00 | seuil None | eau 0 | bouffe 1 | morts 162 | eps 1.00
step  269500 | wellbeing 0.000 | wm_loss 1.8905 | td 0.0000 | planner 0.00 | seuil None | eau 1 | bouffe 2 | morts 162 | eps 1.00
step  270000 | wellbeing 0.305 | wm_loss 1.8832 | td 0.0000 | planner 0.00 | seuil None | eau 0 | bouffe 1 | morts 164 | eps 1.00
  cerveau sauvegardé → runs/fouloide_online_seed0/checkpoint_online.pt
step  270500 | wellbeing 0.214 | wm_loss 1.9252 | td 0.0000 | planner 0.00 | seuil None | eau 2 | bouffe 0 | morts 165 | eps 1.00
step  271000 | wellbeing 0.369 | wm_loss 1.8838 | td 0.0000 | planner 0.00 | seuil None | eau 5 | bouffe 0 | morts 167 | eps 1.00
step  271500 | wellbeing 0.000 | wm_loss 1.8476 | td 0.0000 | planner 0.00 | seuil None | eau 1 | bouffe 3 | morts 167 | eps 1.00
step  272000 | wellbeing 0.001 | wm_loss 1.8996 | td 0.0000 | planner 0.00 | seuil None | eau 3 | bouffe 3 | morts 167 | eps 1.00
step  272500 | wellbeing 0.001 | wm_loss 1.9044 | td 0.0000 | planner 0.00 | seuil None | eau 2 | bouffe 2 | morts 167 | eps 1.00
step  273000 | wellbeing 0.000 | wm_loss 1.8874 | td 0.0000 | planner 0.00 | seuil None | eau 0 | bouffe 3 | morts 167 | eps 1.00
step  273500 | wellbeing 0.004 | wm_loss 1.8973 | td 0.0000 | planner 0.00 | seuil None | eau 2 | bouffe 1 | morts 167 | eps 1.00
step  274000 | wellbeing 0.000 | wm_loss 1.8367 | td 0.0000 | planner 0.00 | seuil None | eau 0 | bouffe 1 | morts 167 | eps 1.00
step  274500 | wellbeing 0.025 | wm_loss 1.9142 | td 0.0000 | planner 0.00 | seuil None | eau 2 | bouffe 3 | morts 167 | eps 1.00
step  275000 | wellbeing 0.156 | wm_loss 1.9130 | td 0.0000 | planner 0.00 | seuil None | eau 1 | bouffe 2 | morts 168 | eps 1.00
  cerveau sauvegardé → runs/fouloide_online_seed0/checkpoint_online.pt
step  275500 | wellbeing 0.155 | wm_loss 1.8949 | td 0.0000 | planner 0.00 | seuil None | eau 1 | bouffe 1 | morts 169 | eps 1.00
step  276000 | wellbeing 0.005 | wm_loss 1.8904 | td 0.0000 | planner 0.00 | seuil None | eau 2 | bouffe 3 | morts 169 | eps 1.00
step  276500 | wellbeing 0.202 | wm_loss 1.8961 | td 0.0000 | planner 0.00 | seuil None | eau 1 | bouffe 1 | morts 170 | eps 1.00
step  277000 | wellbeing 0.157 | wm_loss 1.9118 | td 0.0000 | planner 0.00 | seuil None | eau 2 | bouffe 2 | morts 171 | eps 1.00
step  277500 | wellbeing 0.017 | wm_loss 1.8823 | td 0.0000 | planner 0.00 | seuil None | eau 2 | bouffe 2 | morts 171 | eps 1.00
step  278000 | wellbeing 0.195 | wm_loss 1.8664 | td 0.0000 | planner 0.00 | seuil None | eau 4 | bouffe 1 | morts 172 | eps 1.00
step  278500 | wellbeing 0.232 | wm_loss 1.9597 | td 0.0000 | planner 0.00 | seuil None | eau 3 | bouffe 1 | morts 173 | eps 1.00
step  279000 | wellbeing 0.179 | wm_loss 1.8856 | td 0.0000 | planner 0.00 | seuil None | eau 6 | bouffe 1 | morts 174 | eps 1.00
step  279500 | wellbeing 0.010 | wm_loss 1.9511 | td 0.0000 | planner 0.00 | seuil None | eau 9 | bouffe 1 | morts 174 | eps 1.00
step  280000 | wellbeing 0.022 | wm_loss 1.8794 | td 0.0000 | planner 0.00 | seuil None | eau 5 | bouffe 0 | morts 174 | eps 1.00
  cerveau sauvegardé → runs/fouloide_online_seed0/checkpoint_online.pt
step  280500 | wellbeing 0.003 | wm_loss 1.8803 | td 0.0000 | planner 0.00 | seuil None | eau 4 | bouffe 1 | morts 174 | eps 1.00
step  281000 | wellbeing 0.157 | wm_loss 1.9092 | td 0.0000 | planner 0.00 | seuil None | eau 0 | bouffe 2 | morts 175 | eps 1.00
step  281500 | wellbeing 0.000 | wm_loss 1.8681 | td 0.0000 | planner 0.00 | seuil None | eau 1 | bouffe 0 | morts 175 | eps 1.00
step  282000 | wellbeing 0.001 | wm_loss 1.8997 | td 0.0000 | planner 0.00 | seuil None | eau 3 | bouffe 1 | morts 175 | eps 1.00
step  282500 | wellbeing 0.000 | wm_loss 1.9005 | td 0.0000 | planner 0.00 | seuil None | eau 1 | bouffe 0 | morts 175 | eps 1.00
step  283000 | wellbeing 0.000 | wm_loss 1.9337 | td 0.0000 | planner 0.00 | seuil None | eau 2 | bouffe 0 | morts 175 | eps 1.00
step  283500 | wellbeing 0.000 | wm_loss 1.8951 | td 0.0000 | planner 0.00 | seuil None | eau 3 | bouffe 0 | morts 175 | eps 1.00
step  284000 | wellbeing 0.000 | wm_loss 1.9405 | td 0.0000 | planner 0.00 | seuil None | eau 3 | bouffe 0 | morts 175 | eps 1.00
step  284500 | wellbeing 0.000 | wm_loss 1.8821 | td 0.0000 | planner 0.00 | seuil None | eau 2 | bouffe 1 | morts 175 | eps 1.00
step  285000 | wellbeing 0.000 | wm_loss 1.8908 | td 0.0000 | planner 0.00 | seuil None | eau 2 | bouffe 0 | morts 175 | eps 1.00
  cerveau sauvegardé → runs/fouloide_online_seed0/checkpoint_online.pt
step  285500 | wellbeing 0.000 | wm_loss 1.8962 | td 0.0000 | planner 0.00 | seuil None | eau 3 | bouffe 0 | morts 175 | eps 1.00
step  286000 | wellbeing 0.002 | wm_loss 1.8687 | td 0.0000 | planner 0.00 | seuil None | eau 2 | bouffe 1 | morts 175 | eps 1.00
step  286500 | wellbeing 0.000 | wm_loss 1.8769 | td 0.0000 | planner 0.00 | seuil None | eau 2 | bouffe 0 | morts 175 | eps 1.00
step  287000 | wellbeing 0.000 | wm_loss 1.9380 | td 0.0000 | planner 0.00 | seuil None | eau 3 | bouffe 1 | morts 175 | eps 1.00
step  287500 | wellbeing 0.000 | wm_loss 1.9204 | td 0.0000 | planner 0.00 | seuil None | eau 3 | bouffe 0 | morts 175 | eps 1.00
step  288000 | wellbeing 0.006 | wm_loss 1.9179 | td 0.0000 | planner 0.00 | seuil None | eau 3 | bouffe 3 | morts 175 | eps 1.00
step  288500 | wellbeing 0.000 | wm_loss 1.9529 | td 0.0000 | planner 0.00 | seuil None | eau 2 | bouffe 0 | morts 175 | eps 1.00
step  289000 | wellbeing 0.000 | wm_loss 1.9043 | td 0.0000 | planner 0.00 | seuil None | eau 1 | bouffe 1 | morts 175 | eps 1.00
step  289500 | wellbeing 0.000 | wm_loss 1.9430 | td 0.0000 | planner 0.00 | seuil None | eau 2 | bouffe 0 | morts 175 | eps 1.00
step  290000 | wellbeing 0.000 | wm_loss 1.9260 | td 0.0000 | planner 0.00 | seuil None | eau 4 | bouffe 0 | morts 175 | eps 1.00
  cerveau sauvegardé → runs/fouloide_online_seed0/checkpoint_online.pt
step  290500 | wellbeing 0.000 | wm_loss 1.9206 | td 0.0000 | planner 0.00 | seuil None | eau 2 | bouffe 0 | morts 175 | eps 1.00
step  291000 | wellbeing 0.000 | wm_loss 1.9292 | td 0.0000 | planner 0.00 | seuil None | eau 4 | bouffe 0 | morts 175 | eps 1.00
step  291500 | wellbeing 0.014 | wm_loss 1.8816 | td 0.0000 | planner 0.00 | seuil None | eau 2 | bouffe 5 | morts 175 | eps 1.00
step  292000 | wellbeing 0.000 | wm_loss 1.9233 | td 0.0000 | planner 0.00 | seuil None | eau 2 | bouffe 4 | morts 175 | eps 1.00
step  292500 | wellbeing 0.013 | wm_loss 1.9310 | td 0.0000 | planner 0.00 | seuil None | eau 3 | bouffe 3 | morts 175 | eps 1.00
step  293000 | wellbeing 0.010 | wm_loss 1.9514 | td 0.0000 | planner 0.00 | seuil None | eau 3 | bouffe 3 | morts 175 | eps 1.00
step  293500 | wellbeing 0.041 | wm_loss 1.9316 | td 0.0000 | planner 0.00 | seuil None | eau 2 | bouffe 5 | morts 175 | eps 1.00
step  294000 | wellbeing 0.021 | wm_loss 1.9255 | td 0.0000 | planner 0.00 | seuil None | eau 3 | bouffe 5 | morts 175 | eps 1.00
step  294500 | wellbeing 0.003 | wm_loss 1.8937 | td 0.0000 | planner 0.00 | seuil None | eau 3 | bouffe 4 | morts 175 | eps 1.00
step  295000 | wellbeing 0.016 | wm_loss 1.9625 | td 0.0000 | planner 0.00 | seuil None | eau 4 | bouffe 4 | morts 175 | eps 1.00
  cerveau sauvegardé → runs/fouloide_online_seed0/checkpoint_online.pt
step  295500 | wellbeing 0.006 | wm_loss 1.9177 | td 0.0000 | planner 0.00 | seuil None | eau 3 | bouffe 3 | morts 175 | eps 1.00
step  296000 | wellbeing 0.004 | wm_loss 1.9572 | td 0.0000 | planner 0.00 | seuil None | eau 3 | bouffe 3 | morts 175 | eps 1.00
step  296500 | wellbeing 0.006 | wm_loss 1.9279 | td 0.0000 | planner 0.00 | seuil None | eau 2 | bouffe 3 | morts 175 | eps 1.00
step  297000 | wellbeing 0.000 | wm_loss 1.9591 | td 0.0000 | planner 0.00 | seuil None | eau 3 | bouffe 3 | morts 175 | eps 1.00
step  297500 | wellbeing 0.006 | wm_loss 1.9759 | td 0.0000 | planner 0.00 | seuil None | eau 3 | bouffe 3 | morts 175 | eps 1.00
step  298000 | wellbeing 0.018 | wm_loss 1.9266 | td 0.0000 | planner 0.00 | seuil None | eau 3 | bouffe 3 | morts 175 | eps 1.00
step  298500 | wellbeing 0.001 | wm_loss 1.8924 | td 0.0000 | planner 0.00 | seuil None | eau 3 | bouffe 2 | morts 175 | eps 1.00
step  299000 | wellbeing 0.016 | wm_loss 1.9357 | td 0.0000 | planner 0.00 | seuil None | eau 1 | bouffe 4 | morts 175 | eps 1.00
step  299500 | wellbeing 0.001 | wm_loss 2.0011 | td 0.0000 | planner 0.00 | seuil None | eau 2 | bouffe 3 | morts 175 | eps 1.00
step  300000 | wellbeing 0.009 | wm_loss 1.9011 | td 0.0000 | planner 0.00 | seuil None | eau 2 | bouffe 4 | morts 175 | eps 1.00
  cerveau sauvegardé → runs/fouloide_online_seed0/checkpoint_online.pt
step  300500 | wellbeing 0.014 | wm_loss 2.0131 | td 0.0000 | planner 0.00 | seuil None | eau 1 | bouffe 3 | morts 175 | eps 1.00
step  301000 | wellbeing 0.000 | wm_loss 1.9861 | td 0.0000 | planner 0.00 | seuil None | eau 1 | bouffe 3 | morts 175 | eps 1.00
step  301500 | wellbeing 0.003 | wm_loss 1.9877 | td 0.0000 | planner 0.00 | seuil None | eau 2 | bouffe 3 | morts 175 | eps 1.00
step  302000 | wellbeing 0.000 | wm_loss 1.9885 | td 0.0000 | planner 0.00 | seuil None | eau 2 | bouffe 2 | morts 175 | eps 1.00
step  302500 | wellbeing 0.000 | wm_loss 1.9933 | td 0.0000 | planner 0.00 | seuil None | eau 2 | bouffe 1 | morts 175 | eps 1.00
step  303000 | wellbeing 0.001 | wm_loss 1.9662 | td 0.0000 | planner 0.00 | seuil None | eau 2 | bouffe 2 | morts 175 | eps 1.00
step  303500 | wellbeing 0.000 | wm_loss 1.9648 | td 0.0000 | planner 0.00 | seuil None | eau 2 | bouffe 2 | morts 175 | eps 1.00
step  304000 | wellbeing 0.000 | wm_loss 2.0369 | td 0.0000 | planner 0.00 | seuil None | eau 3 | bouffe 2 | morts 175 | eps 1.00
step  304500 | wellbeing 0.000 | wm_loss 1.9512 | td 0.0000 | planner 0.00 | seuil None | eau 4 | bouffe 0 | morts 175 | eps 1.00
step  305000 | wellbeing 0.000 | wm_loss 1.9790 | td 0.0000 | planner 0.00 | seuil None | eau 4 | bouffe 0 | morts 175 | eps 1.00
  cerveau sauvegardé → runs/fouloide_online_seed0/checkpoint_online.pt
step  305500 | wellbeing 0.000 | wm_loss 2.0042 | td 0.0000 | planner 0.00 | seuil None | eau 4 | bouffe 0 | morts 175 | eps 1.00
step  306000 | wellbeing 0.000 | wm_loss 1.9472 | td 0.0000 | planner 0.00 | seuil None | eau 4 | bouffe 0 | morts 175 | eps 1.00
step  306500 | wellbeing 0.002 | wm_loss 1.9470 | td 0.0000 | planner 0.00 | seuil None | eau 3 | bouffe 2 | morts 175 | eps 1.00
step  307000 | wellbeing 0.000 | wm_loss 1.9773 | td 0.0000 | planner 0.00 | seuil None | eau 4 | bouffe 0 | morts 175 | eps 1.00
step  307500 | wellbeing 0.000 | wm_loss 1.9742 | td 0.0000 | planner 0.00 | seuil None | eau 4 | bouffe 1 | morts 175 | eps 1.00
step  308000 | wellbeing 0.001 | wm_loss 1.9943 | td 0.0000 | planner 0.00 | seuil None | eau 2 | bouffe 1 | morts 175 | eps 1.00
step  308500 | wellbeing 0.000 | wm_loss 1.9758 | td 0.0000 | planner 0.00 | seuil None | eau 3 | bouffe 1 | morts 175 | eps 1.00
step  309000 | wellbeing 0.000 | wm_loss 1.9712 | td 0.0000 | planner 0.00 | seuil None | eau 3 | bouffe 3 | morts 175 | eps 1.00
step  309500 | wellbeing 0.000 | wm_loss 2.0319 | td 0.0000 | planner 0.00 | seuil None | eau 4 | bouffe 0 | morts 175 | eps 1.00
step  310000 | wellbeing 0.000 | wm_loss 1.9690 | td 0.0000 | planner 0.00 | seuil None | eau 6 | bouffe 0 | morts 175 | eps 1.00
  cerveau sauvegardé → runs/fouloide_online_seed0/checkpoint_online.pt
step  310500 | wellbeing 0.025 | wm_loss 2.0447 | td 0.0000 | planner 0.00 | seuil None | eau 5 | bouffe 2 | morts 175 | eps 1.00
step  311000 | wellbeing 0.006 | wm_loss 2.0062 | td 0.0000 | planner 0.00 | seuil None | eau 2 | bouffe 1 | morts 175 | eps 1.00
step  311500 | wellbeing 0.446 | wm_loss 1.9773 | td 0.0000 | planner 0.00 | seuil None | eau 3 | bouffe 4 | morts 176 | eps 1.00
step  312000 | wellbeing 0.225 | wm_loss 1.9995 | td 0.0000 | planner 0.00 | seuil None | eau 4 | bouffe 2 | morts 177 | eps 1.00
step  312500 | wellbeing 0.154 | wm_loss 1.9887 | td 0.0000 | planner 0.00 | seuil None | eau 4 | bouffe 3 | morts 177 | eps 1.00
step  313000 | wellbeing 0.152 | wm_loss 1.9730 | td 0.0000 | planner 0.00 | seuil None | eau 1 | bouffe 0 | morts 178 | eps 1.00
step  313500 | wellbeing 0.028 | wm_loss 1.9583 | td 0.0000 | planner 0.00 | seuil None | eau 4 | bouffe 1 | morts 178 | eps 1.00
step  314000 | wellbeing 0.349 | wm_loss 2.0162 | td 0.0000 | planner 0.00 | seuil None | eau 3 | bouffe 2 | morts 179 | eps 1.00
step  314500 | wellbeing 0.102 | wm_loss 1.9940 | td 0.0000 | planner 0.00 | seuil None | eau 3 | bouffe 5 | morts 179 | eps 1.00
step  315000 | wellbeing 0.000 | wm_loss 1.9361 | td 0.0000 | planner 0.00 | seuil None | eau 3 | bouffe 0 | morts 179 | eps 1.00
  cerveau sauvegardé → runs/fouloide_online_seed0/checkpoint_online.pt
step  315500 | wellbeing 0.376 | wm_loss 1.9539 | td 0.0000 | planner 0.00 | seuil None | eau 3 | bouffe 3 | morts 180 | eps 1.00
step  316000 | wellbeing 0.157 | wm_loss 1.9670 | td 0.0000 | planner 0.00 | seuil None | eau 1 | bouffe 2 | morts 181 | eps 1.00
step  316500 | wellbeing 0.000 | wm_loss 2.0059 | td 0.0000 | planner 0.00 | seuil None | eau 0 | bouffe 3 | morts 181 | eps 1.00
step  317000 | wellbeing 0.013 | wm_loss 1.9652 | td 0.0000 | planner 0.00 | seuil None | eau 2 | bouffe 3 | morts 181 | eps 1.00
step  317500 | wellbeing 0.013 | wm_loss 1.9862 | td 0.0000 | planner 0.00 | seuil None | eau 3 | bouffe 2 | morts 181 | eps 1.00
step  318000 | wellbeing 0.022 | wm_loss 1.9798 | td 0.0000 | planner 0.00 | seuil None | eau 5 | bouffe 2 | morts 181 | eps 1.00
step  318500 | wellbeing 0.163 | wm_loss 1.9809 | td 0.0000 | planner 0.00 | seuil None | eau 0 | bouffe 1 | morts 183 | eps 1.00
step  319000 | wellbeing 0.186 | wm_loss 1.9394 | td 0.0000 | planner 0.00 | seuil None | eau 5 | bouffe 1 | morts 183 | eps 1.00
step  319500 | wellbeing 0.088 | wm_loss 2.0278 | td 0.0000 | planner 0.00 | seuil None | eau 1 | bouffe 5 | morts 183 | eps 1.00
step  320000 | wellbeing 0.000 | wm_loss 1.9917 | td 0.0000 | planner 0.00 | seuil None | eau 3 | bouffe 2 | morts 183 | eps 1.00
  cerveau sauvegardé → runs/fouloide_online_seed0/checkpoint_online.pt
step  320500 | wellbeing 0.000 | wm_loss 1.9446 | td 0.0000 | planner 0.00 | seuil None | eau 3 | bouffe 2 | morts 183 | eps 1.00
step  321000 | wellbeing 0.098 | wm_loss 2.0326 | td 0.0000 | planner 0.00 | seuil None | eau 4 | bouffe 4 | morts 183 | eps 1.00
step  321500 | wellbeing 0.000 | wm_loss 1.9861 | td 0.0000 | planner 0.00 | seuil None | eau 0 | bouffe 2 | morts 183 | eps 1.00
step  322000 | wellbeing 0.010 | wm_loss 1.9648 | td 0.0000 | planner 0.00 | seuil None | eau 2 | bouffe 4 | morts 183 | eps 1.00
step  322500 | wellbeing 0.023 | wm_loss 1.9970 | td 0.0000 | planner 0.00 | seuil None | eau 1 | bouffe 5 | morts 183 | eps 1.00
step  323000 | wellbeing 0.011 | wm_loss 1.9920 | td 0.0000 | planner 0.00 | seuil None | eau 3 | bouffe 3 | morts 183 | eps 1.00
step  323500 | wellbeing 0.028 | wm_loss 1.9837 | td 0.0000 | planner 0.00 | seuil None | eau 4 | bouffe 4 | morts 183 | eps 1.00
step  324000 | wellbeing 0.400 | wm_loss 1.9628 | td 0.0000 | planner 0.00 | seuil None | eau 5 | bouffe 3 | morts 184 | eps 1.00
step  324500 | wellbeing 0.005 | wm_loss 1.9415 | td 0.0000 | planner 0.00 | seuil None | eau 4 | bouffe 1 | morts 184 | eps 1.00
step  325000 | wellbeing 0.001 | wm_loss 1.9439 | td 0.0000 | planner 0.00 | seuil None | eau 2 | bouffe 4 | morts 184 | eps 1.00
  cerveau sauvegardé → runs/fouloide_online_seed0/checkpoint_online.pt
step  325500 | wellbeing 0.000 | wm_loss 1.9577 | td 0.0000 | planner 0.00 | seuil None | eau 0 | bouffe 6 | morts 184 | eps 1.00
step  326000 | wellbeing 0.000 | wm_loss 1.9768 | td 0.0000 | planner 0.00 | seuil None | eau 0 | bouffe 6 | morts 184 | eps 1.00
step  326500 | wellbeing 0.001 | wm_loss 2.0076 | td 0.0000 | planner 0.00 | seuil None | eau 1 | bouffe 5 | morts 184 | eps 1.00
step  327000 | wellbeing 0.000 | wm_loss 1.9775 | td 0.0000 | planner 0.00 | seuil None | eau 0 | bouffe 7 | morts 184 | eps 1.00
step  327500 | wellbeing 0.029 | wm_loss 1.9723 | td 0.0000 | planner 0.00 | seuil None | eau 1 | bouffe 6 | morts 184 | eps 1.00
step  328000 | wellbeing 0.000 | wm_loss 1.9869 | td 0.0000 | planner 0.00 | seuil None | eau 0 | bouffe 8 | morts 184 | eps 1.00
step  328500 | wellbeing 0.005 | wm_loss 2.0274 | td 0.0000 | planner 0.00 | seuil None | eau 1 | bouffe 6 | morts 184 | eps 1.00
step  329000 | wellbeing 0.045 | wm_loss 1.9898 | td 0.0000 | planner 0.00 | seuil None | eau 1 | bouffe 7 | morts 184 | eps 1.00
step  329500 | wellbeing 0.000 | wm_loss 1.9956 | td 0.0000 | planner 0.00 | seuil None | eau 0 | bouffe 5 | morts 184 | eps 1.00
step  330000 | wellbeing 0.036 | wm_loss 1.9572 | td 0.0000 | planner 0.00 | seuil None | eau 2 | bouffe 6 | morts 184 | eps 1.00
  cerveau sauvegardé → runs/fouloide_online_seed0/checkpoint_online.pt
step  330500 | wellbeing 0.024 | wm_loss 2.0338 | td 0.0000 | planner 0.00 | seuil None | eau 3 | bouffe 6 | morts 184 | eps 1.00
step  331000 | wellbeing 0.022 | wm_loss 1.9665 | td 0.0000 | planner 0.00 | seuil None | eau 2 | bouffe 4 | morts 184 | eps 1.00
step  331500 | wellbeing 0.000 | wm_loss 2.0034 | td 0.0000 | planner 0.00 | seuil None | eau 1 | bouffe 5 | morts 184 | eps 1.00
step  332000 | wellbeing 0.026 | wm_loss 1.9767 | td 0.0000 | planner 0.00 | seuil None | eau 2 | bouffe 8 | morts 184 | eps 1.00
step  332500 | wellbeing 0.228 | wm_loss 2.0216 | td 0.0000 | planner 0.00 | seuil None | eau 1 | bouffe 4 | morts 185 | eps 1.00
step  333000 | wellbeing 0.013 | wm_loss 1.9262 | td 0.0000 | planner 0.00 | seuil None | eau 2 | bouffe 3 | morts 185 | eps 1.00
step  333500 | wellbeing 0.176 | wm_loss 2.0091 | td 0.0000 | planner 0.00 | seuil None | eau 3 | bouffe 1 | morts 186 | eps 1.00
step  334000 | wellbeing 0.037 | wm_loss 1.9512 | td 0.0000 | planner 0.00 | seuil None | eau 2 | bouffe 3 | morts 186 | eps 1.00
step  334500 | wellbeing 0.000 | wm_loss 1.9127 | td 0.0000 | planner 0.00 | seuil None | eau 0 | bouffe 1 | morts 186 | eps 1.00
step  335000 | wellbeing 0.000 | wm_loss 1.9798 | td 0.0000 | planner 0.00 | seuil None | eau 1 | bouffe 1 | morts 186 | eps 1.00
  cerveau sauvegardé → runs/fouloide_online_seed0/checkpoint_online.pt
step  335500 | wellbeing 0.000 | wm_loss 1.9703 | td 0.0000 | planner 0.00 | seuil None | eau 0 | bouffe 1 | morts 186 | eps 1.00
step  336000 | wellbeing 0.000 | wm_loss 1.9619 | td 0.0000 | planner 0.00 | seuil None | eau 0 | bouffe 2 | morts 186 | eps 1.00
step  336500 | wellbeing 0.000 | wm_loss 1.9583 | td 0.0000 | planner 0.00 | seuil None | eau 1 | bouffe 0 | morts 186 | eps 1.00
step  337000 | wellbeing 0.000 | wm_loss 1.9592 | td 0.0000 | planner 0.00 | seuil None | eau 1 | bouffe 2 | morts 186 | eps 1.00
step  337500 | wellbeing 0.000 | wm_loss 1.9477 | td 0.0000 | planner 0.00 | seuil None | eau 3 | bouffe 2 | morts 186 | eps 1.00
step  338000 | wellbeing 0.009 | wm_loss 2.0062 | td 0.0000 | planner 0.00 | seuil None | eau 2 | bouffe 1 | morts 186 | eps 1.00
step  338500 | wellbeing 0.012 | wm_loss 2.0238 | td 0.0000 | planner 0.00 | seuil None | eau 5 | bouffe 1 | morts 186 | eps 1.00
step  339000 | wellbeing 0.019 | wm_loss 1.9574 | td 0.0000 | planner 0.00 | seuil None | eau 6 | bouffe 2 | morts 186 | eps 1.00
step  339500 | wellbeing 0.001 | wm_loss 1.9446 | td 0.0000 | planner 0.00 | seuil None | eau 4 | bouffe 1 | morts 186 | eps 1.00
step  340000 | wellbeing 0.020 | wm_loss 1.9690 | td 0.0000 | planner 0.00 | seuil None | eau 3 | bouffe 2 | morts 186 | eps 1.00
  cerveau sauvegardé → runs/fouloide_online_seed0/checkpoint_online.pt
step  340500 | wellbeing 0.024 | wm_loss 2.0271 | td 0.0000 | planner 0.00 | seuil None | eau 4 | bouffe 3 | morts 186 | eps 1.00
step  341000 | wellbeing 0.000 | wm_loss 1.9841 | td 0.0000 | planner 0.00 | seuil None | eau 2 | bouffe 1 | morts 186 | eps 1.00
step  341500 | wellbeing 0.003 | wm_loss 1.9904 | td 0.0000 | planner 0.00 | seuil None | eau 3 | bouffe 2 | morts 186 | eps 1.00
step  342000 | wellbeing 0.030 | wm_loss 1.9456 | td 0.0000 | planner 0.00 | seuil None | eau 6 | bouffe 0 | morts 187 | eps 1.00
step  342500 | wellbeing 0.125 | wm_loss 1.9504 | td 0.0000 | planner 0.00 | seuil None | eau 0 | bouffe 5 | morts 187 | eps 1.00
step  343000 | wellbeing 0.000 | wm_loss 1.9715 | td 0.0000 | planner 0.00 | seuil None | eau 1 | bouffe 4 | morts 187 | eps 1.00
step  343500 | wellbeing 0.192 | wm_loss 1.9806 | td 0.0000 | planner 0.00 | seuil None | eau 2 | bouffe 1 | morts 188 | eps 1.00
step  344000 | wellbeing 0.235 | wm_loss 1.9842 | td 0.0000 | planner 0.00 | seuil None | eau 2 | bouffe 2 | morts 189 | eps 1.00
step  344500 | wellbeing 0.109 | wm_loss 2.0118 | td 0.0000 | planner 0.00 | seuil None | eau 2 | bouffe 3 | morts 190 | eps 1.00
step  345000 | wellbeing 0.122 | wm_loss 1.9945 | td 0.0000 | planner 0.00 | seuil None | eau 3 | bouffe 4 | morts 190 | eps 1.00
  cerveau sauvegardé → runs/fouloide_online_seed0/checkpoint_online.pt
step  345500 | wellbeing 0.000 | wm_loss 2.0145 | td 0.0000 | planner 0.00 | seuil None | eau 6 | bouffe 0 | morts 190 | eps 1.00
step  346000 | wellbeing 0.008 | wm_loss 1.9942 | td 0.0000 | planner 0.00 | seuil None | eau 6 | bouffe 1 | morts 190 | eps 1.00
step  346500 | wellbeing 0.133 | wm_loss 2.0271 | td 0.0000 | planner 0.00 | seuil None | eau 1 | bouffe 5 | morts 191 | eps 1.00
step  347000 | wellbeing 0.059 | wm_loss 2.0626 | td 0.0000 | planner 0.00 | seuil None | eau 3 | bouffe 3 | morts 191 | eps 1.00
step  347500 | wellbeing 0.033 | wm_loss 1.9614 | td 0.0000 | planner 0.00 | seuil None | eau 5 | bouffe 2 | morts 191 | eps 1.00
step  348000 | wellbeing 0.002 | wm_loss 2.0019 | td 0.0000 | planner 0.00 | seuil None | eau 7 | bouffe 1 | morts 191 | eps 1.00
step  348500 | wellbeing 0.000 | wm_loss 2.0050 | td 0.0000 | planner 0.00 | seuil None | eau 1 | bouffe 2 | morts 191 | eps 1.00
step  349000 | wellbeing 0.000 | wm_loss 1.9545 | td 0.0000 | planner 0.00 | seuil None | eau 3 | bouffe 1 | morts 191 | eps 1.00
step  349500 | wellbeing 0.203 | wm_loss 1.9558 | td 0.0000 | planner 0.00 | seuil None | eau 3 | bouffe 3 | morts 192 | eps 1.00
step  350000 | wellbeing 0.000 | wm_loss 1.9635 | td 0.0000 | planner 0.00 | seuil None | eau 2 | bouffe 0 | morts 192 | eps 1.00
  cerveau sauvegardé → runs/fouloide_online_seed0/checkpoint_online.pt
step  350500 | wellbeing 0.255 | wm_loss 1.9888 | td 0.0000 | planner 0.00 | seuil None | eau 2 | bouffe 2 | morts 193 | eps 1.00
step  351000 | wellbeing 0.000 | wm_loss 1.9876 | td 0.0000 | planner 0.00 | seuil None | eau 1 | bouffe 0 | morts 193 | eps 1.00
step  351500 | wellbeing 0.000 | wm_loss 1.9671 | td 0.0000 | planner 0.00 | seuil None | eau 1 | bouffe 3 | morts 193 | eps 1.00
step  352000 | wellbeing 0.000 | wm_loss 1.9355 | td 0.0000 | planner 0.00 | seuil None | eau 1 | bouffe 1 | morts 193 | eps 1.00
step  352500 | wellbeing 0.001 | wm_loss 1.9926 | td 0.0000 | planner 0.00 | seuil None | eau 1 | bouffe 2 | morts 193 | eps 1.00
step  353000 | wellbeing 0.000 | wm_loss 2.0133 | td 0.0000 | planner 0.00 | seuil None | eau 2 | bouffe 2 | morts 193 | eps 1.00
step  353500 | wellbeing 0.000 | wm_loss 2.0065 | td 0.0000 | planner 0.00 | seuil None | eau 0 | bouffe 2 | morts 193 | eps 1.00
step  354000 | wellbeing 0.014 | wm_loss 1.9722 | td 0.0000 | planner 0.00 | seuil None | eau 2 | bouffe 3 | morts 193 | eps 1.00
step  354500 | wellbeing 0.027 | wm_loss 1.9432 | td 0.0000 | planner 0.00 | seuil None | eau 4 | bouffe 2 | morts 193 | eps 1.00
step  355000 | wellbeing 0.018 | wm_loss 2.0025 | td 0.0000 | planner 0.00 | seuil None | eau 2 | bouffe 3 | morts 193 | eps 1.00
  cerveau sauvegardé → runs/fouloide_online_seed0/checkpoint_online.pt
step  355500 | wellbeing 0.032 | wm_loss 1.9482 | td 0.0000 | planner 0.00 | seuil None | eau 4 | bouffe 3 | morts 193 | eps 1.00
step  356000 | wellbeing 0.002 | wm_loss 2.0149 | td 0.0000 | planner 0.00 | seuil None | eau 1 | bouffe 3 | morts 193 | eps 1.00
step  356500 | wellbeing 0.001 | wm_loss 1.9900 | td 0.0000 | planner 0.00 | seuil None | eau 1 | bouffe 2 | morts 193 | eps 1.00
step  357000 | wellbeing 0.000 | wm_loss 1.9917 | td 0.0000 | planner 0.00 | seuil None | eau 2 | bouffe 3 | morts 193 | eps 1.00
step  357500 | wellbeing 0.001 | wm_loss 1.9965 | td 0.0000 | planner 0.00 | seuil None | eau 1 | bouffe 3 | morts 193 | eps 1.00
step  358000 | wellbeing 0.023 | wm_loss 1.9775 | td 0.0000 | planner 0.00 | seuil None | eau 2 | bouffe 4 | morts 193 | eps 1.00
step  358500 | wellbeing 0.002 | wm_loss 2.0127 | td 0.0000 | planner 0.00 | seuil None | eau 1 | bouffe 3 | morts 193 | eps 1.00
step  359000 | wellbeing 0.000 | wm_loss 2.0173 | td 0.0000 | planner 0.00 | seuil None | eau 0 | bouffe 3 | morts 193 | eps 1.00
step  359500 | wellbeing 0.000 | wm_loss 1.9927 | td 0.0000 | planner 0.00 | seuil None | eau 1 | bouffe 2 | morts 193 | eps 1.00
step  360000 | wellbeing 0.000 | wm_loss 1.9774 | td 0.0000 | planner 0.00 | seuil None | eau 0 | bouffe 4 | morts 193 | eps 1.00
  cerveau sauvegardé → runs/fouloide_online_seed0/checkpoint_online.pt
step  360500 | wellbeing 0.000 | wm_loss 2.0356 | td 0.0000 | planner 0.00 | seuil None | eau 0 | bouffe 3 | morts 193 | eps 1.00
step  361000 | wellbeing 0.000 | wm_loss 2.0268 | td 0.0000 | planner 0.00 | seuil None | eau 0 | bouffe 2 | morts 193 | eps 1.00
step  361500 | wellbeing 0.000 | wm_loss 1.9731 | td 0.0000 | planner 0.00 | seuil None | eau 1 | bouffe 2 | morts 193 | eps 1.00
step  362000 | wellbeing 0.000 | wm_loss 2.0345 | td 0.0000 | planner 0.00 | seuil None | eau 0 | bouffe 1 | morts 193 | eps 1.00
step  362500 | wellbeing 0.001 | wm_loss 2.0442 | td 0.0000 | planner 0.00 | seuil None | eau 1 | bouffe 2 | morts 193 | eps 1.00
step  363000 | wellbeing 0.000 | wm_loss 1.9927 | td 0.0000 | planner 0.00 | seuil None | eau 3 | bouffe 2 | morts 193 | eps 1.00
step  363500 | wellbeing 0.026 | wm_loss 2.0372 | td 0.0000 | planner 0.00 | seuil None | eau 1 | bouffe 2 | morts 193 | eps 1.00
step  364000 | wellbeing 0.022 | wm_loss 2.0162 | td 0.0000 | planner 0.00 | seuil None | eau 1 | bouffe 3 | morts 193 | eps 1.00
step  364500 | wellbeing 0.026 | wm_loss 2.0611 | td 0.0000 | planner 0.00 | seuil None | eau 1 | bouffe 3 | morts 193 | eps 1.00
step  365000 | wellbeing 0.000 | wm_loss 2.0363 | td 0.0000 | planner 0.00 | seuil None | eau 1 | bouffe 1 | morts 193 | eps 1.00
  cerveau sauvegardé → runs/fouloide_online_seed0/checkpoint_online.pt
step  365500 | wellbeing 0.025 | wm_loss 2.0207 | td 0.0000 | planner 0.00 | seuil None | eau 3 | bouffe 3 | morts 193 | eps 1.00
step  366000 | wellbeing 0.063 | wm_loss 2.0562 | td 0.0000 | planner 0.00 | seuil None | eau 3 | bouffe 2 | morts 193 | eps 1.00
step  366500 | wellbeing 0.155 | wm_loss 2.0487 | td 0.0000 | planner 0.00 | seuil None | eau 1 | bouffe 2 | morts 194 | eps 1.00
step  367000 | wellbeing 0.035 | wm_loss 2.0707 | td 0.0000 | planner 0.00 | seuil None | eau 5 | bouffe 1 | morts 194 | eps 1.00
step  367500 | wellbeing 0.155 | wm_loss 2.0362 | td 0.0000 | planner 0.00 | seuil None | eau 4 | bouffe 1 | morts 195 | eps 1.00
step  368000 | wellbeing 0.103 | wm_loss 2.0497 | td 0.0000 | planner 0.00 | seuil None | eau 2 | bouffe 5 | morts 195 | eps 1.00
step  368500 | wellbeing 0.028 | wm_loss 2.0738 | td 0.0000 | planner 0.00 | seuil None | eau 1 | bouffe 2 | morts 195 | eps 1.00
step  369000 | wellbeing 0.000 | wm_loss 2.0360 | td 0.0000 | planner 0.00 | seuil None | eau 0 | bouffe 0 | morts 195 | eps 1.00
step  369500 | wellbeing 0.350 | wm_loss 2.0071 | td 0.0000 | planner 0.00 | seuil None | eau 3 | bouffe 2 | morts 196 | eps 1.00
step  370000 | wellbeing 0.176 | wm_loss 2.0401 | td 0.0000 | planner 0.00 | seuil None | eau 3 | bouffe 3 | morts 197 | eps 1.00
  cerveau sauvegardé → runs/fouloide_online_seed0/checkpoint_online.pt
step  370500 | wellbeing 0.294 | wm_loss 2.0414 | td 0.0000 | planner 0.00 | seuil None | eau 2 | bouffe 5 | morts 198 | eps 1.00
step  371000 | wellbeing 0.000 | wm_loss 2.0786 | td 0.0000 | planner 0.00 | seuil None | eau 0 | bouffe 0 | morts 198 | eps 1.00
step  371500 | wellbeing 0.000 | wm_loss 2.0355 | td 0.0000 | planner 0.00 | seuil None | eau 1 | bouffe 0 | morts 198 | eps 1.00
step  372000 | wellbeing 0.000 | wm_loss 2.0867 | td 0.0000 | planner 0.00 | seuil None | eau 1 | bouffe 0 | morts 198 | eps 1.00
step  372500 | wellbeing 0.000 | wm_loss 2.0479 | td 0.0000 | planner 0.00 | seuil None | eau 3 | bouffe 0 | morts 198 | eps 1.00
step  373000 | wellbeing 0.000 | wm_loss 2.0159 | td 0.0000 | planner 0.00 | seuil None | eau 2 | bouffe 0 | morts 198 | eps 1.00
step  373500 | wellbeing 0.008 | wm_loss 2.0517 | td 0.0000 | planner 0.00 | seuil None | eau 3 | bouffe 2 | morts 198 | eps 1.00
step  374000 | wellbeing 0.000 | wm_loss 2.0869 | td 0.0000 | planner 0.00 | seuil None | eau 3 | bouffe 1 | morts 198 | eps 1.00
step  374500 | wellbeing 0.000 | wm_loss 2.0565 | td 0.0000 | planner 0.00 | seuil None | eau 3 | bouffe 0 | morts 198 | eps 1.00
step  375000 | wellbeing 0.000 | wm_loss 2.0448 | td 0.0000 | planner 0.00 | seuil None | eau 0 | bouffe 1 | morts 198 | eps 1.00
  cerveau sauvegardé → runs/fouloide_online_seed0/checkpoint_online.pt
step  375500 | wellbeing 0.000 | wm_loss 2.0500 | td 0.0000 | planner 0.00 | seuil None | eau 0 | bouffe 3 | morts 198 | eps 1.00
step  376000 | wellbeing 0.001 | wm_loss 2.0595 | td 0.0000 | planner 0.00 | seuil None | eau 1 | bouffe 2 | morts 198 | eps 1.00
step  376500 | wellbeing 0.000 | wm_loss 2.0503 | td 0.0000 | planner 0.00 | seuil None | eau 0 | bouffe 3 | morts 198 | eps 1.00
step  377000 | wellbeing 0.000 | wm_loss 2.0150 | td 0.0000 | planner 0.00 | seuil None | eau 0 | bouffe 2 | morts 198 | eps 1.00
step  377500 | wellbeing 0.000 | wm_loss 2.0960 | td 0.0000 | planner 0.00 | seuil None | eau 0 | bouffe 2 | morts 198 | eps 1.00
step  378000 | wellbeing 0.000 | wm_loss 2.0444 | td 0.0000 | planner 0.00 | seuil None | eau 2 | bouffe 2 | morts 198 | eps 1.00
step  378500 | wellbeing 0.000 | wm_loss 2.0223 | td 0.0000 | planner 0.00 | seuil None | eau 1 | bouffe 0 | morts 198 | eps 1.00
step  379000 | wellbeing 0.405 | wm_loss 2.0511 | td 0.0000 | planner 0.00 | seuil None | eau 1 | bouffe 3 | morts 200 | eps 1.00
step  379500 | wellbeing 0.001 | wm_loss 2.0866 | td 0.0000 | planner 0.00 | seuil None | eau 2 | bouffe 2 | morts 200 | eps 1.00
step  380000 | wellbeing 0.001 | wm_loss 2.0177 | td 0.0000 | planner 0.00 | seuil None | eau 5 | bouffe 1 | morts 200 | eps 1.00
  cerveau sauvegardé → runs/fouloide_online_seed0/checkpoint_online.pt
step  380500 | wellbeing 0.297 | wm_loss 2.0393 | td 0.0000 | planner 0.00 | seuil None | eau 4 | bouffe 2 | morts 201 | eps 1.00
step  381000 | wellbeing 0.210 | wm_loss 2.0449 | td 0.0000 | planner 0.00 | seuil None | eau 3 | bouffe 2 | morts 202 | eps 1.00
step  381500 | wellbeing 0.079 | wm_loss 2.0613 | td 0.0000 | planner 0.00 | seuil None | eau 4 | bouffe 3 | morts 203 | eps 1.00
step  382000 | wellbeing 0.156 | wm_loss 2.0565 | td 0.0000 | planner 0.00 | seuil None | eau 2 | bouffe 4 | morts 203 | eps 1.00
step  382500 | wellbeing 0.003 | wm_loss 2.0525 | td 0.0000 | planner 0.00 | seuil None | eau 2 | bouffe 3 | morts 203 | eps 1.00
step  383000 | wellbeing 0.323 | wm_loss 2.0752 | td 0.0000 | planner 0.00 | seuil None | eau 5 | bouffe 3 | morts 204 | eps 1.00
step  383500 | wellbeing 0.001 | wm_loss 2.0161 | td 0.0000 | planner 0.00 | seuil None | eau 5 | bouffe 3 | morts 204 | eps 1.00
step  384000 | wellbeing 0.000 | wm_loss 2.0544 | td 0.0000 | planner 0.00 | seuil None | eau 4 | bouffe 0 | morts 204 | eps 1.00
step  384500 | wellbeing 0.000 | wm_loss 2.0621 | td 0.0000 | planner 0.00 | seuil None | eau 7 | bouffe 0 | morts 204 | eps 1.00
step  385000 | wellbeing 0.019 | wm_loss 2.0537 | td 0.0000 | planner 0.00 | seuil None | eau 2 | bouffe 4 | morts 204 | eps 1.00
  cerveau sauvegardé → runs/fouloide_online_seed0/checkpoint_online.pt
step  385500 | wellbeing 0.199 | wm_loss 2.1228 | td 0.0000 | planner 0.00 | seuil None | eau 2 | bouffe 2 | morts 205 | eps 1.00
step  386000 | wellbeing 0.031 | wm_loss 2.0722 | td 0.0000 | planner 0.00 | seuil None | eau 0 | bouffe 5 | morts 205 | eps 1.00
step  386500 | wellbeing 0.001 | wm_loss 2.0462 | td 0.0000 | planner 0.00 | seuil None | eau 2 | bouffe 4 | morts 205 | eps 1.00
step  387000 | wellbeing 0.003 | wm_loss 2.0918 | td 0.0000 | planner 0.00 | seuil None | eau 2 | bouffe 4 | morts 205 | eps 1.00
step  387500 | wellbeing 0.016 | wm_loss 2.0670 | td 0.0000 | planner 0.00 | seuil None | eau 1 | bouffe 6 | morts 205 | eps 1.00
step  388000 | wellbeing 0.018 | wm_loss 2.0748 | td 0.0000 | planner 0.00 | seuil None | eau 2 | bouffe 2 | morts 205 | eps 1.00
step  388500 | wellbeing 0.182 | wm_loss 2.0621 | td 0.0000 | planner 0.00 | seuil None | eau 5 | bouffe 0 | morts 206 | eps 1.00
step  389000 | wellbeing 0.311 | wm_loss 2.0997 | td 0.0000 | planner 0.00 | seuil None | eau 5 | bouffe 3 | morts 207 | eps 1.00
step  389500 | wellbeing 0.605 | wm_loss 2.0514 | td 0.0000 | planner 0.00 | seuil None | eau 2 | bouffe 4 | morts 208 | eps 1.00
step  390000 | wellbeing 0.016 | wm_loss 2.0748 | td 0.0000 | planner 0.00 | seuil None | eau 2 | bouffe 5 | morts 208 | eps 1.00
  cerveau sauvegardé → runs/fouloide_online_seed0/checkpoint_online.pt
step  390500 | wellbeing 0.159 | wm_loss 2.0965 | td 0.0000 | planner 0.00 | seuil None | eau 2 | bouffe 5 | morts 209 | eps 1.00
step  391000 | wellbeing 0.175 | wm_loss 2.0691 | td 0.0000 | planner 0.00 | seuil None | eau 4 | bouffe 1 | morts 210 | eps 1.00
step  391500 | wellbeing 0.263 | wm_loss 2.0770 | td 0.0000 | planner 0.00 | seuil None | eau 1 | bouffe 4 | morts 211 | eps 1.00
step  392000 | wellbeing 0.020 | wm_loss 2.0620 | td 0.0000 | planner 0.00 | seuil None | eau 2 | bouffe 2 | morts 211 | eps 1.00
step  392500 | wellbeing 0.002 | wm_loss 2.0265 | td 0.0000 | planner 0.00 | seuil None | eau 3 | bouffe 2 | morts 211 | eps 1.00
step  393000 | wellbeing 0.227 | wm_loss 2.1102 | td 0.0000 | planner 0.00 | seuil None | eau 4 | bouffe 5 | morts 211 | eps 1.00
step  393500 | wellbeing 0.163 | wm_loss 2.1013 | td 0.0000 | planner 0.00 | seuil None | eau 3 | bouffe 7 | morts 211 | eps 1.00
step  394000 | wellbeing 0.252 | wm_loss 2.0805 | td 0.0000 | planner 0.00 | seuil None | eau 4 | bouffe 9 | morts 211 | eps 1.00
step  394500 | wellbeing 0.078 | wm_loss 2.0721 | td 0.0000 | planner 0.00 | seuil None | eau 2 | bouffe 6 | morts 211 | eps 1.00
step  395000 | wellbeing 0.000 | wm_loss 2.0567 | td 0.0000 | planner 0.00 | seuil None | eau 4 | bouffe 0 | morts 211 | eps 1.00
  cerveau sauvegardé → runs/fouloide_online_seed0/checkpoint_online.pt
step  395500 | wellbeing 0.388 | wm_loss 2.0696 | td 0.0000 | planner 0.00 | seuil None | eau 1 | bouffe 4 | morts 213 | eps 1.00
step  396000 | wellbeing 0.164 | wm_loss 2.0738 | td 0.0000 | planner 0.00 | seuil None | eau 3 | bouffe 0 | morts 214 | eps 1.00
step  396500 | wellbeing 0.173 | wm_loss 2.0610 | td 0.0000 | planner 0.00 | seuil None | eau 2 | bouffe 2 | morts 215 | eps 1.00
step  397000 | wellbeing 0.028 | wm_loss 2.0671 | td 0.0000 | planner 0.00 | seuil None | eau 4 | bouffe 2 | morts 216 | eps 1.00
step  397500 | wellbeing 0.166 | wm_loss 2.0408 | td 0.0000 | planner 0.00 | seuil None | eau 3 | bouffe 0 | morts 216 | eps 1.00
step  398000 | wellbeing 0.092 | wm_loss 2.0785 | td 0.0000 | planner 0.00 | seuil None | eau 4 | bouffe 1 | morts 217 | eps 1.00
step  398500 | wellbeing 0.553 | wm_loss 2.0449 | td 0.0000 | planner 0.00 | seuil None | eau 4 | bouffe 3 | morts 218 | eps 1.00
step  399000 | wellbeing 0.022 | wm_loss 2.0140 | td 0.0000 | planner 0.00 | seuil None | eau 2 | bouffe 1 | morts 218 | eps 1.00
step  399500 | wellbeing 0.049 | wm_loss 2.0683 | td 0.0000 | planner 0.00 | seuil None | eau 3 | bouffe 5 | morts 218 | eps 1.00
step  400000 | wellbeing 0.000 | wm_loss 2.0505 | td 0.0000 | planner 0.00 | seuil None | eau 4 | bouffe 2 | morts 218 | eps 1.00
  cerveau sauvegardé → runs/fouloide_online_seed0/checkpoint_online.pt
step  400500 | wellbeing 0.000 | wm_loss 2.0614 | td 0.0000 | planner 0.00 | seuil None | eau 2 | bouffe 1 | morts 218 | eps 1.00
step  401000 | wellbeing 0.022 | wm_loss 2.0692 | td 0.0000 | planner 0.00 | seuil None | eau 4 | bouffe 1 | morts 218 | eps 1.00
step  401500 | wellbeing 0.001 | wm_loss 2.0747 | td 0.0000 | planner 0.00 | seuil None | eau 4 | bouffe 2 | morts 218 | eps 1.00
step  402000 | wellbeing 0.001 | wm_loss 2.0452 | td 0.0000 | planner 0.00 | seuil None | eau 4 | bouffe 2 | morts 218 | eps 1.00
step  402500 | wellbeing 0.031 | wm_loss 2.0884 | td 0.0000 | planner 0.00 | seuil None | eau 3 | bouffe 3 | morts 218 | eps 1.00
step  403000 | wellbeing 0.038 | wm_loss 2.0690 | td 0.0000 | planner 0.00 | seuil None | eau 2 | bouffe 4 | morts 218 | eps 1.00
step  403500 | wellbeing 0.051 | wm_loss 2.0893 | td 0.0000 | planner 0.00 | seuil None | eau 3 | bouffe 3 | morts 218 | eps 1.00
step  404000 | wellbeing 0.059 | wm_loss 2.0902 | td 0.0000 | planner 0.00 | seuil None | eau 4 | bouffe 3 | morts 218 | eps 1.00
step  404500 | wellbeing 0.006 | wm_loss 2.0820 | td 0.0000 | planner 0.00 | seuil None | eau 3 | bouffe 1 | morts 218 | eps 1.00
step  405000 | wellbeing 0.052 | wm_loss 2.0760 | td 0.0000 | planner 0.00 | seuil None | eau 5 | bouffe 2 | morts 218 | eps 1.00
  cerveau sauvegardé → runs/fouloide_online_seed0/checkpoint_online.pt
step  405500 | wellbeing 0.036 | wm_loss 2.0708 | td 0.0000 | planner 0.00 | seuil None | eau 6 | bouffe 3 | morts 218 | eps 1.00
step  406000 | wellbeing 0.043 | wm_loss 2.1177 | td 0.0000 | planner 0.00 | seuil None | eau 2 | bouffe 2 | morts 218 | eps 1.00
step  406500 | wellbeing 0.015 | wm_loss 2.0498 | td 0.0000 | planner 0.00 | seuil None | eau 1 | bouffe 2 | morts 218 | eps 1.00
step  407000 | wellbeing 0.021 | wm_loss 2.0710 | td 0.0000 | planner 0.00 | seuil None | eau 3 | bouffe 2 | morts 218 | eps 1.00
step  407500 | wellbeing 0.113 | wm_loss 2.0746 | td 0.0000 | planner 0.00 | seuil None | eau 1 | bouffe 1 | morts 219 | eps 1.00
step  408000 | wellbeing 0.067 | wm_loss 2.1063 | td 0.0000 | planner 0.00 | seuil None | eau 2 | bouffe 4 | morts 219 | eps 1.00
step  408500 | wellbeing 0.000 | wm_loss 2.0872 | td 0.0000 | planner 0.00 | seuil None | eau 2 | bouffe 0 | morts 219 | eps 1.00
step  409000 | wellbeing 0.365 | wm_loss 2.0094 | td 0.0000 | planner 0.00 | seuil None | eau 3 | bouffe 1 | morts 221 | eps 1.00
step  409500 | wellbeing 0.130 | wm_loss 2.0201 | td 0.0000 | planner 0.00 | seuil None | eau 1 | bouffe 2 | morts 221 | eps 1.00
step  410000 | wellbeing 0.196 | wm_loss 2.0861 | td 0.0000 | planner 0.00 | seuil None | eau 2 | bouffe 1 | morts 222 | eps 1.00
  cerveau sauvegardé → runs/fouloide_online_seed0/checkpoint_online.pt
step  410500 | wellbeing 0.155 | wm_loss 2.0583 | td 0.0000 | planner 0.00 | seuil None | eau 2 | bouffe 0 | morts 223 | eps 1.00
step  411000 | wellbeing 0.211 | wm_loss 2.0766 | td 0.0000 | planner 0.00 | seuil None | eau 4 | bouffe 1 | morts 224 | eps 1.00
step  411500 | wellbeing 0.000 | wm_loss 2.0562 | td 0.0000 | planner 0.00 | seuil None | eau 2 | bouffe 1 | morts 224 | eps 1.00
step  412000 | wellbeing 0.285 | wm_loss 2.0425 | td 0.0000 | planner 0.00 | seuil None | eau 2 | bouffe 3 | morts 225 | eps 1.00
step  412500 | wellbeing 0.156 | wm_loss 2.0387 | td 0.0000 | planner 0.00 | seuil None | eau 1 | bouffe 3 | morts 226 | eps 1.00
step  413000 | wellbeing 0.156 | wm_loss 2.0436 | td 0.0000 | planner 0.00 | seuil None | eau 0 | bouffe 1 | morts 227 | eps 1.00
step  413500 | wellbeing 0.155 | wm_loss 2.0450 | td 0.0000 | planner 0.00 | seuil None | eau 2 | bouffe 1 | morts 228 | eps 1.00
step  414000 | wellbeing 0.176 | wm_loss 2.0730 | td 0.0000 | planner 0.00 | seuil None | eau 2 | bouffe 0 | morts 229 | eps 1.00
step  414500 | wellbeing 0.182 | wm_loss 2.0286 | td 0.0000 | planner 0.00 | seuil None | eau 3 | bouffe 1 | morts 230 | eps 1.00
step  415000 | wellbeing 0.214 | wm_loss 2.0576 | td 0.0000 | planner 0.00 | seuil None | eau 3 | bouffe 1 | morts 231 | eps 1.00
  cerveau sauvegardé → runs/fouloide_online_seed0/checkpoint_online.pt
step  415500 | wellbeing 0.000 | wm_loss 2.0667 | td 0.0000 | planner 0.00 | seuil None | eau 2 | bouffe 0 | morts 231 | eps 1.00
step  416000 | wellbeing 0.000 | wm_loss 2.0194 | td 0.0000 | planner 0.00 | seuil None | eau 2 | bouffe 0 | morts 231 | eps 1.00
step  416500 | wellbeing 0.000 | wm_loss 2.0851 | td 0.0000 | planner 0.00 | seuil None | eau 2 | bouffe 0 | morts 231 | eps 1.00
step  417000 | wellbeing 0.000 | wm_loss 2.0739 | td 0.0000 | planner 0.00 | seuil None | eau 2 | bouffe 0 | morts 231 | eps 1.00
step  417500 | wellbeing 0.053 | wm_loss 2.0853 | td 0.0000 | planner 0.00 | seuil None | eau 3 | bouffe 1 | morts 232 | eps 1.00
step  418000 | wellbeing 0.261 | wm_loss 2.1060 | td 0.0000 | planner 0.00 | seuil None | eau 0 | bouffe 4 | morts 233 | eps 1.00
step  418500 | wellbeing 0.149 | wm_loss 2.0497 | td 0.0000 | planner 0.00 | seuil None | eau 0 | bouffe 0 | morts 234 | eps 1.00
step  419000 | wellbeing 0.186 | wm_loss 2.0910 | td 0.0000 | planner 0.00 | seuil None | eau 1 | bouffe 1 | morts 235 | eps 1.00
step  419500 | wellbeing 0.003 | wm_loss 2.0804 | td 0.0000 | planner 0.00 | seuil None | eau 3 | bouffe 1 | morts 235 | eps 1.00
step  420000 | wellbeing 0.017 | wm_loss 2.0737 | td 0.0000 | planner 0.00 | seuil None | eau 2 | bouffe 2 | morts 235 | eps 1.00
  cerveau sauvegardé → runs/fouloide_online_seed0/checkpoint_online.pt
step  420500 | wellbeing 0.008 | wm_loss 2.0811 | td 0.0000 | planner 0.00 | seuil None | eau 2 | bouffe 3 | morts 235 | eps 1.00
step  421000 | wellbeing 0.004 | wm_loss 2.0563 | td 0.0000 | planner 0.00 | seuil None | eau 2 | bouffe 3 | morts 235 | eps 1.00
step  421500 | wellbeing 0.000 | wm_loss 2.0738 | td 0.0000 | planner 0.00 | seuil None | eau 2 | bouffe 1 | morts 235 | eps 1.00
step  422000 | wellbeing 0.017 | wm_loss 2.0776 | td 0.0000 | planner 0.00 | seuil None | eau 2 | bouffe 3 | morts 235 | eps 1.00
step  422500 | wellbeing 0.003 | wm_loss 2.0961 | td 0.0000 | planner 0.00 | seuil None | eau 2 | bouffe 1 | morts 235 | eps 1.00
step  423000 | wellbeing 0.000 | wm_loss 2.0553 | td 0.0000 | planner 0.00 | seuil None | eau 2 | bouffe 0 | morts 235 | eps 1.00
step  423500 | wellbeing 0.019 | wm_loss 2.0169 | td 0.0000 | planner 0.00 | seuil None | eau 3 | bouffe 1 | morts 235 | eps 1.00
step  424000 | wellbeing 0.017 | wm_loss 2.0272 | td 0.0000 | planner 0.00 | seuil None | eau 3 | bouffe 3 | morts 235 | eps 1.00
step  424500 | wellbeing 0.000 | wm_loss 2.0550 | td 0.0000 | planner 0.00 | seuil None | eau 2 | bouffe 1 | morts 235 | eps 1.00
step  425000 | wellbeing 0.000 | wm_loss 2.1099 | td 0.0000 | planner 0.00 | seuil None | eau 4 | bouffe 1 | morts 235 | eps 1.00
  cerveau sauvegardé → runs/fouloide_online_seed0/checkpoint_online.pt
step  425500 | wellbeing 0.007 | wm_loss 2.0778 | td 0.0000 | planner 0.00 | seuil None | eau 3 | bouffe 1 | morts 235 | eps 1.00
step  426000 | wellbeing 0.155 | wm_loss 2.0523 | td 0.0000 | planner 0.00 | seuil None | eau 0 | bouffe 3 | morts 236 | eps 1.00
step  426500 | wellbeing 0.000 | wm_loss 2.0717 | td 0.0000 | planner 0.00 | seuil None | eau 3 | bouffe 0 | morts 236 | eps 1.00
step  427000 | wellbeing 0.262 | wm_loss 2.0559 | td 0.0000 | planner 0.00 | seuil None | eau 1 | bouffe 0 | morts 238 | eps 1.00
step  427500 | wellbeing 0.203 | wm_loss 2.0457 | td 0.0000 | planner 0.00 | seuil None | eau 1 | bouffe 1 | morts 239 | eps 1.00
step  428000 | wellbeing 0.000 | wm_loss 2.0631 | td 0.0000 | planner 0.00 | seuil None | eau 2 | bouffe 0 | morts 239 | eps 1.00
step  428500 | wellbeing 0.197 | wm_loss 2.0710 | td 0.0000 | planner 0.00 | seuil None | eau 2 | bouffe 2 | morts 240 | eps 1.00
step  429000 | wellbeing 0.144 | wm_loss 2.0789 | td 0.0000 | planner 0.00 | seuil None | eau 0 | bouffe 0 | morts 241 | eps 1.00
step  429500 | wellbeing 0.174 | wm_loss 2.0694 | td 0.0000 | planner 0.00 | seuil None | eau 1 | bouffe 1 | morts 242 | eps 1.00
step  430000 | wellbeing 0.193 | wm_loss 2.0715 | td 0.0000 | planner 0.00 | seuil None | eau 2 | bouffe 1 | morts 243 | eps 1.00
  cerveau sauvegardé → runs/fouloide_online_seed0/checkpoint_online.pt
step  430500 | wellbeing 0.000 | wm_loss 2.0138 | td 0.0000 | planner 0.00 | seuil None | eau 3 | bouffe 0 | morts 243 | eps 1.00
step  431000 | wellbeing 0.180 | wm_loss 2.0813 | td 0.0000 | planner 0.00 | seuil None | eau 3 | bouffe 2 | morts 244 | eps 1.00
step  431500 | wellbeing 0.000 | wm_loss 2.0412 | td 0.0000 | planner 0.00 | seuil None | eau 3 | bouffe 1 | morts 244 | eps 1.00
step  432000 | wellbeing 0.000 | wm_loss 2.0287 | td 0.0000 | planner 0.00 | seuil None | eau 2 | bouffe 1 | morts 244 | eps 1.00
step  432500 | wellbeing 0.155 | wm_loss 2.0074 | td 0.0000 | planner 0.00 | seuil None | eau 1 | bouffe 3 | morts 245 | eps 1.00
step  433000 | wellbeing 0.027 | wm_loss 2.0190 | td 0.0000 | planner 0.00 | seuil None | eau 3 | bouffe 3 | morts 245 | eps 1.00
step  433500 | wellbeing 0.000 | wm_loss 2.0493 | td 0.0000 | planner 0.00 | seuil None | eau 0 | bouffe 4 | morts 245 | eps 1.00
step  434000 | wellbeing 0.155 | wm_loss 2.0509 | td 0.0000 | planner 0.00 | seuil None | eau 0 | bouffe 4 | morts 246 | eps 1.00
step  434500 | wellbeing 0.000 | wm_loss 1.9700 | td 0.0000 | planner 0.00 | seuil None | eau 4 | bouffe 0 | morts 246 | eps 1.00
step  435000 | wellbeing 0.116 | wm_loss 2.0220 | td 0.0000 | planner 0.00 | seuil None | eau 5 | bouffe 2 | morts 246 | eps 1.00
  cerveau sauvegardé → runs/fouloide_online_seed0/checkpoint_online.pt
step  435500 | wellbeing 0.144 | wm_loss 2.0364 | td 0.0000 | planner 0.00 | seuil None | eau 3 | bouffe 1 | morts 247 | eps 1.00
step  436000 | wellbeing 0.019 | wm_loss 2.0301 | td 0.0000 | planner 0.00 | seuil None | eau 1 | bouffe 0 | morts 247 | eps 1.00
step  436500 | wellbeing 0.216 | wm_loss 2.0721 | td 0.0000 | planner 0.00 | seuil None | eau 3 | bouffe 1 | morts 248 | eps 1.00
step  437000 | wellbeing 0.126 | wm_loss 2.0545 | td 0.0000 | planner 0.00 | seuil None | eau 2 | bouffe 0 | morts 249 | eps 1.00
step  437500 | wellbeing 0.029 | wm_loss 1.9857 | td 0.0000 | planner 0.00 | seuil None | eau 3 | bouffe 0 | morts 249 | eps 1.00
step  438000 | wellbeing 0.155 | wm_loss 2.0128 | td 0.0000 | planner 0.00 | seuil None | eau 0 | bouffe 1 | morts 250 | eps 1.00
step  438500 | wellbeing 0.000 | wm_loss 2.0094 | td 0.0000 | planner 0.00 | seuil None | eau 1 | bouffe 1 | morts 250 | eps 1.00
step  439000 | wellbeing 0.000 | wm_loss 1.9858 | td 0.0000 | planner 0.00 | seuil None | eau 5 | bouffe 0 | morts 250 | eps 1.00
step  439500 | wellbeing 0.000 | wm_loss 2.0923 | td 0.0000 | planner 0.00 | seuil None | eau 1 | bouffe 1 | morts 250 | eps 1.00
step  440000 | wellbeing 0.157 | wm_loss 1.9741 | td 0.0000 | planner 0.00 | seuil None | eau 1 | bouffe 1 | morts 251 | eps 1.00
  cerveau sauvegardé → runs/fouloide_online_seed0/checkpoint_online.pt
step  440500 | wellbeing 0.155 | wm_loss 2.0329 | td 0.0000 | planner 0.00 | seuil None | eau 1 | bouffe 0 | morts 252 | eps 1.00
step  441000 | wellbeing 0.308 | wm_loss 2.0259 | td 0.0000 | planner 0.00 | seuil None | eau 1 | bouffe 0 | morts 254 | eps 1.00
step  441500 | wellbeing 0.002 | wm_loss 2.0500 | td 0.0000 | planner 0.00 | seuil None | eau 2 | bouffe 1 | morts 254 | eps 1.00
step  442000 | wellbeing 0.155 | wm_loss 2.0246 | td 0.0000 | planner 0.00 | seuil None | eau 2 | bouffe 0 | morts 255 | eps 1.00
step  442500 | wellbeing 0.013 | wm_loss 2.0140 | td 0.0000 | planner 0.00 | seuil None | eau 4 | bouffe 2 | morts 255 | eps 1.00
step  443000 | wellbeing 0.029 | wm_loss 2.0013 | td 0.0000 | planner 0.00 | seuil None | eau 5 | bouffe 1 | morts 255 | eps 1.00
step  443500 | wellbeing 0.000 | wm_loss 2.0630 | td 0.0000 | planner 0.00 | seuil None | eau 0 | bouffe 0 | morts 255 | eps 1.00
step  444000 | wellbeing 0.001 | wm_loss 2.0450 | td 0.0000 | planner 0.00 | seuil None | eau 1 | bouffe 1 | morts 255 | eps 1.00
step  444500 | wellbeing 0.312 | wm_loss 2.0591 | td 0.0000 | planner 0.00 | seuil None | eau 1 | bouffe 0 | morts 257 | eps 1.00
step  445000 | wellbeing 0.000 | wm_loss 2.0298 | td 0.0000 | planner 0.00 | seuil None | eau 2 | bouffe 1 | morts 257 | eps 1.00
  cerveau sauvegardé → runs/fouloide_online_seed0/checkpoint_online.pt
step  445500 | wellbeing 0.000 | wm_loss 1.9886 | td 0.0000 | planner 0.00 | seuil None | eau 5 | bouffe 0 | morts 257 | eps 1.00
step  446000 | wellbeing 0.026 | wm_loss 2.0120 | td 0.0000 | planner 0.00 | seuil None | eau 4 | bouffe 2 | morts 257 | eps 1.00
step  446500 | wellbeing 0.000 | wm_loss 2.0305 | td 0.0000 | planner 0.00 | seuil None | eau 2 | bouffe 0 | morts 257 | eps 1.00
step  447000 | wellbeing 0.000 | wm_loss 2.0641 | td 0.0000 | planner 0.00 | seuil None | eau 3 | bouffe 0 | morts 257 | eps 1.00
step  447500 | wellbeing 0.034 | wm_loss 2.0551 | td 0.0000 | planner 0.00 | seuil None | eau 3 | bouffe 2 | morts 257 | eps 1.00
step  448000 | wellbeing 0.007 | wm_loss 2.0715 | td 0.0000 | planner 0.00 | seuil None | eau 3 | bouffe 2 | morts 257 | eps 1.00
step  448500 | wellbeing 0.011 | wm_loss 2.0546 | td 0.0000 | planner 0.00 | seuil None | eau 1 | bouffe 3 | morts 257 | eps 1.00
step  449000 | wellbeing 0.157 | wm_loss 2.0401 | td 0.0000 | planner 0.00 | seuil None | eau 2 | bouffe 0 | morts 258 | eps 1.00
step  449500 | wellbeing 0.197 | wm_loss 2.0547 | td 0.0000 | planner 0.00 | seuil None | eau 2 | bouffe 2 | morts 260 | eps 1.00
step  450000 | wellbeing 0.149 | wm_loss 2.0238 | td 0.0000 | planner 0.00 | seuil None | eau 2 | bouffe 2 | morts 260 | eps 1.00
  cerveau sauvegardé → runs/fouloide_online_seed0/checkpoint_online.pt
step  450500 | wellbeing 0.098 | wm_loss 2.0161 | td 0.0000 | planner 0.00 | seuil None | eau 4 | bouffe 2 | morts 261 | eps 1.00
step  451000 | wellbeing 0.099 | wm_loss 2.0470 | td 0.0000 | planner 0.00 | seuil None | eau 1 | bouffe 0 | morts 261 | eps 1.00
step  451500 | wellbeing 0.026 | wm_loss 2.0724 | td 0.0000 | planner 0.00 | seuil None | eau 2 | bouffe 4 | morts 261 | eps 1.00
step  452000 | wellbeing 0.004 | wm_loss 1.9958 | td 0.0000 | planner 0.00 | seuil None | eau 2 | bouffe 1 | morts 261 | eps 1.00
step  452500 | wellbeing 0.155 | wm_loss 2.0636 | td 0.0000 | planner 0.00 | seuil None | eau 0 | bouffe 2 | morts 262 | eps 1.00
step  453000 | wellbeing 0.155 | wm_loss 2.0580 | td 0.0000 | planner 0.00 | seuil None | eau 0 | bouffe 0 | morts 263 | eps 1.00
step  453500 | wellbeing 0.000 | wm_loss 2.0319 | td 0.0000 | planner 0.00 | seuil None | eau 1 | bouffe 1 | morts 263 | eps 1.00
step  454000 | wellbeing 0.000 | wm_loss 1.9987 | td 0.0000 | planner 0.00 | seuil None | eau 2 | bouffe 0 | morts 263 | eps 1.00
step  454500 | wellbeing 0.155 | wm_loss 2.0491 | td 0.0000 | planner 0.00 | seuil None | eau 0 | bouffe 4 | morts 264 | eps 1.00
step  455000 | wellbeing 0.031 | wm_loss 2.0048 | td 0.0000 | planner 0.00 | seuil None | eau 3 | bouffe 2 | morts 264 | eps 1.00
  cerveau sauvegardé → runs/fouloide_online_seed0/checkpoint_online.pt
step  455500 | wellbeing 0.180 | wm_loss 1.9782 | td 0.0000 | planner 0.00 | seuil None | eau 1 | bouffe 0 | morts 265 | eps 1.00
step  456000 | wellbeing 0.155 | wm_loss 2.0874 | td 0.0000 | planner 0.00 | seuil None | eau 1 | bouffe 2 | morts 266 | eps 1.00
step  456500 | wellbeing 0.104 | wm_loss 1.9910 | td 0.0000 | planner 0.00 | seuil None | eau 0 | bouffe 2 | morts 267 | eps 1.00
step  457000 | wellbeing 0.133 | wm_loss 2.0684 | td 0.0000 | planner 0.00 | seuil None | eau 3 | bouffe 2 | morts 267 | eps 1.00
step  457500 | wellbeing 0.000 | wm_loss 2.0390 | td 0.0000 | planner 0.00 | seuil None | eau 1 | bouffe 2 | morts 267 | eps 1.00
step  458000 | wellbeing 0.179 | wm_loss 2.0417 | td 0.0000 | planner 0.00 | seuil None | eau 2 | bouffe 3 | morts 268 | eps 1.00
step  458500 | wellbeing 0.155 | wm_loss 2.0119 | td 0.0000 | planner 0.00 | seuil None | eau 1 | bouffe 2 | morts 269 | eps 1.00
step  459000 | wellbeing 0.000 | wm_loss 2.0318 | td 0.0000 | planner 0.00 | seuil None | eau 2 | bouffe 2 | morts 269 | eps 1.00
step  459500 | wellbeing 0.027 | wm_loss 2.0209 | td 0.0000 | planner 0.00 | seuil None | eau 1 | bouffe 2 | morts 269 | eps 1.00
step  460000 | wellbeing 0.136 | wm_loss 2.0718 | td 0.0000 | planner 0.00 | seuil None | eau 2 | bouffe 1 | morts 270 | eps 1.00
  cerveau sauvegardé → runs/fouloide_online_seed0/checkpoint_online.pt
step  460500 | wellbeing 0.029 | wm_loss 2.0699 | td 0.0000 | planner 0.00 | seuil None | eau 0 | bouffe 3 | morts 270 | eps 1.00
step  461000 | wellbeing 0.000 | wm_loss 2.0549 | td 0.0000 | planner 0.00 | seuil None | eau 0 | bouffe 4 | morts 270 | eps 1.00
step  461500 | wellbeing 0.000 | wm_loss 2.0443 | td 0.0000 | planner 0.00 | seuil None | eau 1 | bouffe 6 | morts 270 | eps 1.00
step  462000 | wellbeing 0.167 | wm_loss 2.0178 | td 0.0000 | planner 0.00 | seuil None | eau 1 | bouffe 4 | morts 271 | eps 1.00
step  462500 | wellbeing 0.003 | wm_loss 2.0317 | td 0.0000 | planner 0.00 | seuil None | eau 0 | bouffe 3 | morts 271 | eps 1.00
step  463000 | wellbeing 0.194 | wm_loss 1.9323 | td 0.0000 | planner 0.00 | seuil None | eau 2 | bouffe 2 | morts 272 | eps 1.00
step  463500 | wellbeing 0.019 | wm_loss 2.0330 | td 0.0000 | planner 0.00 | seuil None | eau 2 | bouffe 3 | morts 272 | eps 1.00
step  464000 | wellbeing 0.000 | wm_loss 2.0390 | td 0.0000 | planner 0.00 | seuil None | eau 0 | bouffe 3 | morts 272 | eps 1.00
step  464500 | wellbeing 0.306 | wm_loss 2.0734 | td 0.0000 | planner 0.00 | seuil None | eau 2 | bouffe 0 | morts 274 | eps 1.00
step  465000 | wellbeing 0.054 | wm_loss 2.0762 | td 0.0000 | planner 0.00 | seuil None | eau 1 | bouffe 3 | morts 274 | eps 1.00
  cerveau sauvegardé → runs/fouloide_online_seed0/checkpoint_online.pt
step  465500 | wellbeing 0.197 | wm_loss 2.0619 | td 0.0000 | planner 0.00 | seuil None | eau 1 | bouffe 2 | morts 275 | eps 1.00
step  466000 | wellbeing 0.000 | wm_loss 2.0530 | td 0.0000 | planner 0.00 | seuil None | eau 0 | bouffe 1 | morts 275 | eps 1.00
step  466500 | wellbeing 0.000 | wm_loss 2.0193 | td 0.0000 | planner 0.00 | seuil None | eau 0 | bouffe 4 | morts 275 | eps 1.00
step  467000 | wellbeing 0.000 | wm_loss 1.9950 | td 0.0000 | planner 0.00 | seuil None | eau 0 | bouffe 3 | morts 275 | eps 1.00
step  467500 | wellbeing 0.155 | wm_loss 2.0263 | td 0.0000 | planner 0.00 | seuil None | eau 0 | bouffe 0 | morts 276 | eps 1.00
step  468000 | wellbeing 0.196 | wm_loss 2.0293 | td 0.0000 | planner 0.00 | seuil None | eau 3 | bouffe 2 | morts 277 | eps 1.00
step  468500 | wellbeing 0.196 | wm_loss 2.0681 | td 0.0000 | planner 0.00 | seuil None | eau 2 | bouffe 0 | morts 278 | eps 1.00
step  469000 | wellbeing 0.111 | wm_loss 1.9799 | td 0.0000 | planner 0.00 | seuil None | eau 0 | bouffe 1 | morts 279 | eps 1.00
step  469500 | wellbeing 0.044 | wm_loss 2.1126 | td 0.0000 | planner 0.00 | seuil None | eau 0 | bouffe 2 | morts 279 | eps 1.00
step  470000 | wellbeing 0.000 | wm_loss 2.0450 | td 0.0000 | planner 0.00 | seuil None | eau 1 | bouffe 2 | morts 279 | eps 1.00
  cerveau sauvegardé → runs/fouloide_online_seed0/checkpoint_online.pt
step  470500 | wellbeing 0.000 | wm_loss 2.0249 | td 0.0000 | planner 0.00 | seuil None | eau 0 | bouffe 3 | morts 279 | eps 1.00
step  471000 | wellbeing 0.159 | wm_loss 2.0341 | td 0.0000 | planner 0.00 | seuil None | eau 0 | bouffe 3 | morts 280 | eps 1.00
step  471500 | wellbeing 0.135 | wm_loss 2.0512 | td 0.0000 | planner 0.00 | seuil None | eau 2 | bouffe 2 | morts 281 | eps 1.00
step  472000 | wellbeing 0.051 | wm_loss 2.0600 | td 0.0000 | planner 0.00 | seuil None | eau 4 | bouffe 2 | morts 281 | eps 1.00
step  472500 | wellbeing 0.154 | wm_loss 2.0232 | td 0.0000 | planner 0.00 | seuil None | eau 1 | bouffe 2 | morts 282 | eps 1.00
step  473000 | wellbeing 0.000 | wm_loss 2.0125 | td 0.0000 | planner 0.00 | seuil None | eau 0 | bouffe 1 | morts 282 | eps 1.00
step  473500 | wellbeing 0.191 | wm_loss 2.0355 | td 0.0000 | planner 0.00 | seuil None | eau 2 | bouffe 2 | morts 283 | eps 1.00
step  474000 | wellbeing 0.001 | wm_loss 2.0457 | td 0.0000 | planner 0.00 | seuil None | eau 2 | bouffe 2 | morts 283 | eps 1.00
step  474500 | wellbeing 0.345 | wm_loss 1.9989 | td 0.0000 | planner 0.00 | seuil None | eau 2 | bouffe 3 | morts 285 | eps 1.00
step  475000 | wellbeing 0.013 | wm_loss 2.0139 | td 0.0000 | planner 0.00 | seuil None | eau 0 | bouffe 4 | morts 285 | eps 1.00
  cerveau sauvegardé → runs/fouloide_online_seed0/checkpoint_online.pt
step  475500 | wellbeing 0.000 | wm_loss 2.1121 | td 0.0000 | planner 0.00 | seuil None | eau 0 | bouffe 2 | morts 285 | eps 1.00
step  476000 | wellbeing 0.031 | wm_loss 2.0442 | td 0.0000 | planner 0.00 | seuil None | eau 5 | bouffe 1 | morts 285 | eps 1.00
step  476500 | wellbeing 0.052 | wm_loss 2.0361 | td 0.0000 | planner 0.00 | seuil None | eau 0 | bouffe 0 | morts 286 | eps 1.00
step  477000 | wellbeing 0.272 | wm_loss 2.0364 | td 0.0000 | planner 0.00 | seuil None | eau 1 | bouffe 1 | morts 287 | eps 1.00
step  477500 | wellbeing 0.000 | wm_loss 1.9855 | td 0.0000 | planner 0.00 | seuil None | eau 2 | bouffe 0 | morts 287 | eps 1.00
step  478000 | wellbeing 0.000 | wm_loss 2.0071 | td 0.0000 | planner 0.00 | seuil None | eau 1 | bouffe 2 | morts 287 | eps 1.00
step  478500 | wellbeing 0.155 | wm_loss 2.0628 | td 0.0000 | planner 0.00 | seuil None | eau 2 | bouffe 0 | morts 288 | eps 1.00
step  479000 | wellbeing 0.000 | wm_loss 2.0559 | td 0.0000 | planner 0.00 | seuil None | eau 2 | bouffe 0 | morts 288 | eps 1.00
step  479500 | wellbeing 0.000 | wm_loss 1.9898 | td 0.0000 | planner 0.00 | seuil None | eau 0 | bouffe 2 | morts 288 | eps 1.00
step  480000 | wellbeing 0.000 | wm_loss 2.0955 | td 0.0000 | planner 0.00 | seuil None | eau 1 | bouffe 0 | morts 288 | eps 1.00
  cerveau sauvegardé → runs/fouloide_online_seed0/checkpoint_online.pt
step  480500 | wellbeing 0.000 | wm_loss 2.0539 | td 0.0000 | planner 0.00 | seuil None | eau 3 | bouffe 0 | morts 288 | eps 1.00
step  481000 | wellbeing 0.007 | wm_loss 1.9308 | td 0.0000 | planner 0.00 | seuil None | eau 2 | bouffe 2 | morts 288 | eps 1.00
step  481500 | wellbeing 0.152 | wm_loss 2.0717 | td 0.0000 | planner 0.00 | seuil None | eau 1 | bouffe 2 | morts 289 | eps 1.00
step  482000 | wellbeing 0.012 | wm_loss 1.9991 | td 0.0000 | planner 0.00 | seuil None | eau 4 | bouffe 0 | morts 289 | eps 1.00
step  482500 | wellbeing 0.000 | wm_loss 2.1404 | td 0.0000 | planner 0.00 | seuil None | eau 0 | bouffe 2 | morts 289 | eps 1.00
step  483000 | wellbeing 0.000 | wm_loss 2.0372 | td 0.0000 | planner 0.00 | seuil None | eau 0 | bouffe 1 | morts 289 | eps 1.00
step  483500 | wellbeing 0.032 | wm_loss 2.1070 | td 0.0000 | planner 0.00 | seuil None | eau 1 | bouffe 3 | morts 289 | eps 1.00
step  484000 | wellbeing 0.029 | wm_loss 2.0629 | td 0.0000 | planner 0.00 | seuil None | eau 1 | bouffe 3 | morts 289 | eps 1.00
step  484500 | wellbeing 0.000 | wm_loss 2.0844 | td 0.0000 | planner 0.00 | seuil None | eau 1 | bouffe 3 | morts 289 | eps 1.00
step  485000 | wellbeing 0.000 | wm_loss 2.0574 | td 0.0000 | planner 0.00 | seuil None | eau 0 | bouffe 2 | morts 289 | eps 1.00
  cerveau sauvegardé → runs/fouloide_online_seed0/checkpoint_online.pt
step  485500 | wellbeing 0.000 | wm_loss 2.0548 | td 0.0000 | planner 0.00 | seuil None | eau 0 | bouffe 0 | morts 289 | eps 1.00
step  486000 | wellbeing 0.000 | wm_loss 2.0670 | td 0.0000 | planner 0.00 | seuil None | eau 0 | bouffe 0 | morts 289 | eps 1.00
step  486500 | wellbeing 0.028 | wm_loss 2.0537 | td 0.0000 | planner 0.00 | seuil None | eau 2 | bouffe 3 | morts 289 | eps 1.00
step  487000 | wellbeing 0.042 | wm_loss 2.0439 | td 0.0000 | planner 0.00 | seuil None | eau 2 | bouffe 4 | morts 289 | eps 1.00
step  487500 | wellbeing 0.030 | wm_loss 2.1053 | td 0.0000 | planner 0.00 | seuil None | eau 3 | bouffe 4 | morts 289 | eps 1.00
step  488000 | wellbeing 0.001 | wm_loss 2.0066 | td 0.0000 | planner 0.00 | seuil None | eau 2 | bouffe 2 | morts 289 | eps 1.00
step  488500 | wellbeing 0.156 | wm_loss 2.0743 | td 0.0000 | planner 0.00 | seuil None | eau 2 | bouffe 2 | morts 290 | eps 1.00
step  489000 | wellbeing 0.001 | wm_loss 2.0749 | td 0.0000 | planner 0.00 | seuil None | eau 3 | bouffe 1 | morts 290 | eps 1.00
step  489500 | wellbeing 0.000 | wm_loss 2.0262 | td 0.0000 | planner 0.00 | seuil None | eau 3 | bouffe 1 | morts 290 | eps 1.00
step  490000 | wellbeing 0.000 | wm_loss 2.1141 | td 0.0000 | planner 0.00 | seuil None | eau 3 | bouffe 0 | morts 290 | eps 1.00
  cerveau sauvegardé → runs/fouloide_online_seed0/checkpoint_online.pt
step  490500 | wellbeing 0.000 | wm_loss 2.0814 | td 0.0000 | planner 0.00 | seuil None | eau 2 | bouffe 0 | morts 290 | eps 1.00
step  491000 | wellbeing 0.000 | wm_loss 2.1028 | td 0.0000 | planner 0.00 | seuil None | eau 1 | bouffe 1 | morts 290 | eps 1.00
step  491500 | wellbeing 0.000 | wm_loss 2.0629 | td 0.0000 | planner 0.00 | seuil None | eau 3 | bouffe 1 | morts 290 | eps 1.00
step  492000 | wellbeing 0.006 | wm_loss 2.0823 | td 0.0000 | planner 0.00 | seuil None | eau 3 | bouffe 1 | morts 290 | eps 1.00
step  492500 | wellbeing 0.003 | wm_loss 2.0788 | td 0.0000 | planner 0.00 | seuil None | eau 2 | bouffe 1 | morts 290 | eps 1.00
step  493000 | wellbeing 0.000 | wm_loss 2.0518 | td 0.0000 | planner 0.00 | seuil None | eau 3 | bouffe 0 | morts 290 | eps 1.00
step  493500 | wellbeing 0.000 | wm_loss 2.0139 | td 0.0000 | planner 0.00 | seuil None | eau 2 | bouffe 1 | morts 290 | eps 1.00
step  494000 | wellbeing 0.000 | wm_loss 2.1147 | td 0.0000 | planner 0.00 | seuil None | eau 2 | bouffe 1 | morts 290 | eps 1.00
step  494500 | wellbeing 0.000 | wm_loss 2.1108 | td 0.0000 | planner 0.00 | seuil None | eau 2 | bouffe 1 | morts 290 | eps 1.00
step  495000 | wellbeing 0.009 | wm_loss 2.1419 | td 0.0000 | planner 0.00 | seuil None | eau 2 | bouffe 1 | morts 290 | eps 1.00
  cerveau sauvegardé → runs/fouloide_online_seed0/checkpoint_online.pt
step  495500 | wellbeing 0.005 | wm_loss 2.0795 | td 0.0000 | planner 0.00 | seuil None | eau 2 | bouffe 1 | morts 290 | eps 1.00
step  496000 | wellbeing 0.000 | wm_loss 2.0670 | td 0.0000 | planner 0.00 | seuil None | eau 2 | bouffe 0 | morts 290 | eps 1.00
step  496500 | wellbeing 0.014 | wm_loss 2.0399 | td 0.0000 | planner 0.00 | seuil None | eau 1 | bouffe 2 | morts 290 | eps 1.00
step  497000 | wellbeing 0.000 | wm_loss 2.0703 | td 0.0000 | planner 0.00 | seuil None | eau 2 | bouffe 2 | morts 290 | eps 1.00
step  497500 | wellbeing 0.015 | wm_loss 2.0691 | td 0.0000 | planner 0.00 | seuil None | eau 1 | bouffe 2 | morts 290 | eps 1.00
step  498000 | wellbeing 0.000 | wm_loss 2.1109 | td 0.0000 | planner 0.00 | seuil None | eau 1 | bouffe 1 | morts 290 | eps 1.00
step  498500 | wellbeing 0.003 | wm_loss 2.0890 | td 0.0000 | planner 0.00 | seuil None | eau 2 | bouffe 1 | morts 290 | eps 1.00
step  499000 | wellbeing 0.001 | wm_loss 2.0907 | td 0.0000 | planner 0.00 | seuil None | eau 2 | bouffe 3 | morts 290 | eps 1.00
step  499500 | wellbeing 0.000 | wm_loss 2.1144 | td 0.0000 | planner 0.00 | seuil None | eau 1 | bouffe 1 | morts 290 | eps 1.00
step  500000 | wellbeing 0.012 | wm_loss 2.0514 | td 0.0000 | planner 0.00 | seuil None | eau 1 | bouffe 1 | morts 290 | eps 1.00
  cerveau sauvegardé → runs/fouloide_online_seed0/checkpoint_online.pt
  cerveau final sauvegardé → runs/fouloide_online_seed0/checkpoint_online.pt
Terminé : 500000 steps, 290 morts, métriques dans runs/fouloide_online_seed0/metrics_online.json
